ISO-10303-21;
HEADER;
/* Generated by software containing ST-Developer
 * from STEP Tools, Inc. (www.steptools.com) 
 */

FILE_DESCRIPTION(
/* description */ (''),
/* implementation_level */ '2;1');

FILE_NAME(
/* name */ 'DroneJoystick_0829.step',
/* time_stamp */ '2026-08-29T21:56:22+09:00',
/* author */ (''),
/* organization */ (''),
/* preprocessor_version */ 'ST-DEVELOPER v20.1',
/* originating_system */ 'Autodesk Translation Framework v15.8.0.0',
/* authorisation */ '');

FILE_SCHEMA (('AUTOMOTIVE_DESIGN { 1 0 10303 214 3 1 1 }'));
ENDSEC;

DATA;
#10=MECHANICAL_DESIGN_GEOMETRIC_PRESENTATION_REPRESENTATION('',(#13,#14),
#5534);
#11=SHAPE_REPRESENTATION_RELATIONSHIP('SRR','None',#5541,#12);
#12=ADVANCED_BREP_SHAPE_REPRESENTATION('',(#15,#16),#5533);
#13=STYLED_ITEM('',(#5550),#15);
#14=STYLED_ITEM('',(#5551),#16);
#15=MANIFOLD_SOLID_BREP('joystick_top',#3348);
#16=MANIFOLD_SOLID_BREP('joystick_bot',#3349);
#17=CYLINDRICAL_SURFACE('',#3407,0.999999999999996);
#18=CYLINDRICAL_SURFACE('',#3410,1.00000000000003);
#19=CYLINDRICAL_SURFACE('',#3412,14.);
#20=CYLINDRICAL_SURFACE('',#3414,14.);
#21=CYLINDRICAL_SURFACE('',#3428,1.475);
#22=CYLINDRICAL_SURFACE('',#3430,3.99999999999999);
#23=CYLINDRICAL_SURFACE('',#3432,4.);
#24=CYLINDRICAL_SURFACE('',#3434,17.);
#25=CYLINDRICAL_SURFACE('',#3436,23.7856287049);
#26=CYLINDRICAL_SURFACE('',#3437,51.9757952119712);
#27=CYLINDRICAL_SURFACE('',#3438,51.9757952119712);
#28=CYLINDRICAL_SURFACE('',#3439,3.99999999999999);
#29=CYLINDRICAL_SURFACE('',#3440,51.9757952119712);
#30=CYLINDRICAL_SURFACE('',#3442,26.7856287049);
#31=CYLINDRICAL_SURFACE('',#3445,6.64978752802744);
#32=CYLINDRICAL_SURFACE('',#3448,6.64978752802746);
#33=CYLINDRICAL_SURFACE('',#3457,17.);
#34=CYLINDRICAL_SURFACE('',#3458,17.);
#35=CYLINDRICAL_SURFACE('',#3459,26.7856287049);
#36=CYLINDRICAL_SURFACE('',#3464,2.99999999999999);
#37=CYLINDRICAL_SURFACE('',#3465,2.99999999999999);
#38=CYLINDRICAL_SURFACE('',#3466,3.00000000000001);
#39=CYLINDRICAL_SURFACE('',#3467,3.);
#40=CYLINDRICAL_SURFACE('',#3468,4.);
#41=CYLINDRICAL_SURFACE('',#3469,1.475);
#42=CYLINDRICAL_SURFACE('',#3470,1.475);
#43=CYLINDRICAL_SURFACE('',#3471,1.475);
#44=CYLINDRICAL_SURFACE('',#3472,51.9757952119712);
#45=CYLINDRICAL_SURFACE('',#3473,23.7856287049);
#46=CYLINDRICAL_SURFACE('',#3474,1.);
#47=CYLINDRICAL_SURFACE('',#3477,0.999999999999999);
#48=CYLINDRICAL_SURFACE('',#3497,3.00000000000001);
#49=CYLINDRICAL_SURFACE('',#3537,6.);
#50=CYLINDRICAL_SURFACE('',#3539,6.);
#51=CYLINDRICAL_SURFACE('',#3540,25.7856287049001);
#52=CYLINDRICAL_SURFACE('',#3542,25.7856287049001);
#53=CYLINDRICAL_SURFACE('',#3562,3.);
#54=CYLINDRICAL_SURFACE('',#3565,1.5);
#55=CYLINDRICAL_SURFACE('',#3566,1.5);
#56=CYLINDRICAL_SURFACE('',#3567,1.5);
#57=CYLINDRICAL_SURFACE('',#3568,1.5);
#58=CYLINDRICAL_SURFACE('',#3575,23.7856287049);
#59=CYLINDRICAL_SURFACE('',#3579,3.);
#60=CYLINDRICAL_SURFACE('',#3593,8.);
#61=CYLINDRICAL_SURFACE('',#3614,23.7856287049);
#62=CYLINDRICAL_SURFACE('',#3621,3.);
#63=CYLINDRICAL_SURFACE('',#3622,1.7);
#64=CYLINDRICAL_SURFACE('',#3624,1.7);
#65=CYLINDRICAL_SURFACE('',#3626,1.7);
#66=CYLINDRICAL_SURFACE('',#3628,1.7);
#67=FACE_BOUND('',#381,.T.);
#68=FACE_BOUND('',#382,.T.);
#69=FACE_BOUND('',#386,.T.);
#70=FACE_BOUND('',#387,.T.);
#71=FACE_BOUND('',#388,.T.);
#72=FACE_BOUND('',#389,.T.);
#73=FACE_BOUND('',#390,.T.);
#74=FACE_BOUND('',#397,.T.);
#75=FACE_BOUND('',#399,.T.);
#76=FACE_BOUND('',#401,.T.);
#77=FACE_BOUND('',#403,.T.);
#78=FACE_BOUND('',#425,.T.);
#79=FACE_BOUND('',#426,.T.);
#80=FACE_BOUND('',#427,.T.);
#81=FACE_BOUND('',#428,.T.);
#82=FACE_BOUND('',#429,.T.);
#83=FACE_BOUND('',#430,.T.);
#84=FACE_BOUND('',#451,.T.);
#85=FACE_BOUND('',#452,.T.);
#86=FACE_BOUND('',#453,.T.);
#87=FACE_BOUND('',#460,.T.);
#88=FACE_BOUND('',#471,.T.);
#89=FACE_BOUND('',#473,.T.);
#90=FACE_BOUND('',#475,.T.);
#91=FACE_BOUND('',#477,.T.);
#92=FACE_BOUND('',#481,.T.);
#93=FACE_BOUND('',#482,.T.);
#94=FACE_BOUND('',#483,.T.);
#95=FACE_BOUND('',#484,.T.);
#96=FACE_BOUND('',#485,.T.);
#97=FACE_BOUND('',#507,.T.);
#98=CIRCLE('',#3366,51.9757952119712);
#99=CIRCLE('',#3367,4.);
#100=CIRCLE('',#3368,51.9757952119712);
#101=CIRCLE('',#3369,23.7856287049);
#102=CIRCLE('',#3370,17.);
#103=CIRCLE('',#3371,17.);
#104=CIRCLE('',#3372,3.99999999999999);
#105=CIRCLE('',#3373,4.);
#106=CIRCLE('',#3374,17.);
#107=CIRCLE('',#3375,23.7856287049);
#108=CIRCLE('',#3376,51.9757952119712);
#109=CIRCLE('',#3377,3.99999999999999);
#110=CIRCLE('',#3378,51.9757952119712);
#111=CIRCLE('',#3379,14.);
#112=CIRCLE('',#3380,14.);
#113=CIRCLE('',#3384,0.999999999999996);
#114=CIRCLE('',#3385,1.00000000000003);
#115=CIRCLE('',#3386,26.7856287049);
#116=CIRCLE('',#3387,6.64978752802746);
#117=CIRCLE('',#3388,6.64978752802744);
#118=CIRCLE('',#3389,26.7856287049);
#119=CIRCLE('',#3390,1.475);
#120=CIRCLE('',#3391,1.475);
#121=CIRCLE('',#3392,1.475);
#122=CIRCLE('',#3393,1.475);
#123=CIRCLE('',#3394,51.9757952119712);
#124=CIRCLE('',#3395,3.99999999999999);
#125=CIRCLE('',#3396,51.9757952119712);
#126=CIRCLE('',#3397,23.7856287049);
#127=CIRCLE('',#3398,17.);
#128=CIRCLE('',#3399,4.);
#129=CIRCLE('',#3400,3.99999999999999);
#130=CIRCLE('',#3401,17.);
#131=CIRCLE('',#3402,17.);
#132=CIRCLE('',#3403,23.7856287049);
#133=CIRCLE('',#3404,51.9757952119712);
#134=CIRCLE('',#3405,4.);
#135=CIRCLE('',#3406,51.9757952119712);
#136=CIRCLE('',#3408,0.999999999999996);
#137=CIRCLE('',#3411,1.00000000000003);
#138=CIRCLE('',#3413,14.);
#139=CIRCLE('',#3415,14.);
#140=CIRCLE('',#3417,3.);
#141=CIRCLE('',#3418,1.475);
#142=CIRCLE('',#3420,2.99999999999999);
#143=CIRCLE('',#3421,1.475);
#144=CIRCLE('',#3423,3.00000000000001);
#145=CIRCLE('',#3424,1.475);
#146=CIRCLE('',#3426,2.99999999999999);
#147=CIRCLE('',#3427,1.475);
#148=CIRCLE('',#3443,26.7856287049);
#149=CIRCLE('',#3446,6.64978752802744);
#150=CIRCLE('',#3449,6.64978752802746);
#151=CIRCLE('',#3452,26.7856287049);
#152=CIRCLE('',#3453,2.99999999999999);
#153=CIRCLE('',#3454,3.00000000000001);
#154=CIRCLE('',#3455,3.);
#155=CIRCLE('',#3456,2.99999999999999);
#156=CIRCLE('',#3475,1.);
#157=CIRCLE('',#3476,1.);
#158=CIRCLE('',#3478,0.999999999999999);
#159=CIRCLE('',#3479,0.999999999999999);
#160=CIRCLE('',#3481,25.7856287049001);
#161=CIRCLE('',#3482,6.);
#162=CIRCLE('',#3483,6.);
#163=CIRCLE('',#3484,25.7856287049001);
#164=CIRCLE('',#3485,8.);
#165=CIRCLE('',#3486,23.7856287049);
#166=CIRCLE('',#3493,3.);
#167=CIRCLE('',#3494,23.7856287049);
#168=CIRCLE('',#3495,23.7856287049);
#169=CIRCLE('',#3496,3.);
#170=CIRCLE('',#3498,3.00000000000001);
#171=CIRCLE('',#3499,3.00000000000001);
#172=CIRCLE('',#3505,1.5);
#173=CIRCLE('',#3507,1.5);
#174=CIRCLE('',#3509,1.5);
#175=CIRCLE('',#3511,1.5);
#176=CIRCLE('',#3513,1.5);
#177=CIRCLE('',#3515,1.5);
#178=CIRCLE('',#3517,1.5);
#179=CIRCLE('',#3519,1.5);
#180=CIRCLE('',#3523,25.7856287049001);
#181=CIRCLE('',#3524,6.);
#182=CIRCLE('',#3525,6.);
#183=CIRCLE('',#3526,25.7856287049001);
#184=CIRCLE('',#3527,1.7);
#185=CIRCLE('',#3528,1.7);
#186=CIRCLE('',#3529,1.7);
#187=CIRCLE('',#3530,1.7);
#188=CIRCLE('',#3531,3.);
#189=CIRCLE('',#3532,23.7856287049);
#190=CIRCLE('',#3533,3.);
#191=CIRCLE('',#3534,23.7856287049);
#192=CIRCLE('',#3535,3.);
#193=CIRCLE('',#3577,3.);
#194=CIRCLE('',#3594,8.);
#195=CIRCLE('',#3623,1.7);
#196=CIRCLE('',#3625,1.7);
#197=CIRCLE('',#3627,1.7);
#198=CIRCLE('',#3629,1.7);
#199=FACE_OUTER_BOUND('',#378,.T.);
#200=FACE_OUTER_BOUND('',#379,.T.);
#201=FACE_OUTER_BOUND('',#380,.T.);
#202=FACE_OUTER_BOUND('',#383,.T.);
#203=FACE_OUTER_BOUND('',#384,.T.);
#204=FACE_OUTER_BOUND('',#385,.T.);
#205=FACE_OUTER_BOUND('',#391,.T.);
#206=FACE_OUTER_BOUND('',#392,.T.);
#207=FACE_OUTER_BOUND('',#393,.T.);
#208=FACE_OUTER_BOUND('',#394,.T.);
#209=FACE_OUTER_BOUND('',#395,.T.);
#210=FACE_OUTER_BOUND('',#396,.T.);
#211=FACE_OUTER_BOUND('',#398,.T.);
#212=FACE_OUTER_BOUND('',#400,.T.);
#213=FACE_OUTER_BOUND('',#402,.T.);
#214=FACE_OUTER_BOUND('',#404,.T.);
#215=FACE_OUTER_BOUND('',#405,.T.);
#216=FACE_OUTER_BOUND('',#406,.T.);
#217=FACE_OUTER_BOUND('',#407,.T.);
#218=FACE_OUTER_BOUND('',#408,.T.);
#219=FACE_OUTER_BOUND('',#409,.T.);
#220=FACE_OUTER_BOUND('',#410,.T.);
#221=FACE_OUTER_BOUND('',#411,.T.);
#222=FACE_OUTER_BOUND('',#412,.T.);
#223=FACE_OUTER_BOUND('',#413,.T.);
#224=FACE_OUTER_BOUND('',#414,.T.);
#225=FACE_OUTER_BOUND('',#415,.T.);
#226=FACE_OUTER_BOUND('',#416,.T.);
#227=FACE_OUTER_BOUND('',#417,.T.);
#228=FACE_OUTER_BOUND('',#418,.T.);
#229=FACE_OUTER_BOUND('',#419,.T.);
#230=FACE_OUTER_BOUND('',#420,.T.);
#231=FACE_OUTER_BOUND('',#421,.T.);
#232=FACE_OUTER_BOUND('',#422,.T.);
#233=FACE_OUTER_BOUND('',#423,.T.);
#234=FACE_OUTER_BOUND('',#424,.T.);
#235=FACE_OUTER_BOUND('',#431,.T.);
#236=FACE_OUTER_BOUND('',#432,.T.);
#237=FACE_OUTER_BOUND('',#433,.T.);
#238=FACE_OUTER_BOUND('',#434,.T.);
#239=FACE_OUTER_BOUND('',#435,.T.);
#240=FACE_OUTER_BOUND('',#436,.T.);
#241=FACE_OUTER_BOUND('',#437,.T.);
#242=FACE_OUTER_BOUND('',#438,.T.);
#243=FACE_OUTER_BOUND('',#439,.T.);
#244=FACE_OUTER_BOUND('',#440,.T.);
#245=FACE_OUTER_BOUND('',#441,.T.);
#246=FACE_OUTER_BOUND('',#442,.T.);
#247=FACE_OUTER_BOUND('',#443,.T.);
#248=FACE_OUTER_BOUND('',#444,.T.);
#249=FACE_OUTER_BOUND('',#445,.T.);
#250=FACE_OUTER_BOUND('',#446,.T.);
#251=FACE_OUTER_BOUND('',#447,.T.);
#252=FACE_OUTER_BOUND('',#448,.T.);
#253=FACE_OUTER_BOUND('',#449,.T.);
#254=FACE_OUTER_BOUND('',#450,.T.);
#255=FACE_OUTER_BOUND('',#454,.T.);
#256=FACE_OUTER_BOUND('',#455,.T.);
#257=FACE_OUTER_BOUND('',#456,.T.);
#258=FACE_OUTER_BOUND('',#457,.T.);
#259=FACE_OUTER_BOUND('',#458,.T.);
#260=FACE_OUTER_BOUND('',#459,.T.);
#261=FACE_OUTER_BOUND('',#461,.T.);
#262=FACE_OUTER_BOUND('',#462,.T.);
#263=FACE_OUTER_BOUND('',#463,.T.);
#264=FACE_OUTER_BOUND('',#464,.T.);
#265=FACE_OUTER_BOUND('',#465,.T.);
#266=FACE_OUTER_BOUND('',#466,.T.);
#267=FACE_OUTER_BOUND('',#467,.T.);
#268=FACE_OUTER_BOUND('',#468,.T.);
#269=FACE_OUTER_BOUND('',#469,.T.);
#270=FACE_OUTER_BOUND('',#470,.T.);
#271=FACE_OUTER_BOUND('',#472,.T.);
#272=FACE_OUTER_BOUND('',#474,.T.);
#273=FACE_OUTER_BOUND('',#476,.T.);
#274=FACE_OUTER_BOUND('',#478,.T.);
#275=FACE_OUTER_BOUND('',#479,.T.);
#276=FACE_OUTER_BOUND('',#480,.T.);
#277=FACE_OUTER_BOUND('',#486,.T.);
#278=FACE_OUTER_BOUND('',#487,.T.);
#279=FACE_OUTER_BOUND('',#488,.T.);
#280=FACE_OUTER_BOUND('',#489,.T.);
#281=FACE_OUTER_BOUND('',#490,.T.);
#282=FACE_OUTER_BOUND('',#491,.T.);
#283=FACE_OUTER_BOUND('',#492,.T.);
#284=FACE_OUTER_BOUND('',#493,.T.);
#285=FACE_OUTER_BOUND('',#494,.T.);
#286=FACE_OUTER_BOUND('',#495,.T.);
#287=FACE_OUTER_BOUND('',#496,.T.);
#288=FACE_OUTER_BOUND('',#497,.T.);
#289=FACE_OUTER_BOUND('',#498,.T.);
#290=FACE_OUTER_BOUND('',#499,.T.);
#291=FACE_OUTER_BOUND('',#500,.T.);
#292=FACE_OUTER_BOUND('',#501,.T.);
#293=FACE_OUTER_BOUND('',#502,.T.);
#294=FACE_OUTER_BOUND('',#503,.T.);
#295=FACE_OUTER_BOUND('',#504,.T.);
#296=FACE_OUTER_BOUND('',#505,.T.);
#297=FACE_OUTER_BOUND('',#506,.T.);
#298=FACE_OUTER_BOUND('',#508,.T.);
#299=FACE_OUTER_BOUND('',#509,.T.);
#300=FACE_OUTER_BOUND('',#510,.T.);
#301=FACE_OUTER_BOUND('',#511,.T.);
#302=FACE_OUTER_BOUND('',#512,.T.);
#303=FACE_OUTER_BOUND('',#513,.T.);
#304=FACE_OUTER_BOUND('',#514,.T.);
#305=FACE_OUTER_BOUND('',#515,.T.);
#306=FACE_OUTER_BOUND('',#516,.T.);
#307=FACE_OUTER_BOUND('',#517,.T.);
#308=FACE_OUTER_BOUND('',#518,.T.);
#309=FACE_OUTER_BOUND('',#519,.T.);
#310=FACE_OUTER_BOUND('',#520,.T.);
#311=FACE_OUTER_BOUND('',#521,.T.);
#312=FACE_OUTER_BOUND('',#522,.T.);
#313=FACE_OUTER_BOUND('',#523,.T.);
#314=FACE_OUTER_BOUND('',#524,.T.);
#315=FACE_OUTER_BOUND('',#525,.T.);
#316=FACE_OUTER_BOUND('',#526,.T.);
#317=FACE_OUTER_BOUND('',#527,.T.);
#318=FACE_OUTER_BOUND('',#528,.T.);
#319=FACE_OUTER_BOUND('',#529,.T.);
#320=FACE_OUTER_BOUND('',#530,.T.);
#321=FACE_OUTER_BOUND('',#531,.T.);
#322=FACE_OUTER_BOUND('',#532,.T.);
#323=FACE_OUTER_BOUND('',#533,.T.);
#324=FACE_OUTER_BOUND('',#534,.T.);
#325=FACE_OUTER_BOUND('',#535,.T.);
#326=FACE_OUTER_BOUND('',#536,.T.);
#327=FACE_OUTER_BOUND('',#537,.T.);
#328=FACE_OUTER_BOUND('',#538,.T.);
#329=FACE_OUTER_BOUND('',#539,.T.);
#330=FACE_OUTER_BOUND('',#540,.T.);
#331=FACE_OUTER_BOUND('',#541,.T.);
#332=FACE_OUTER_BOUND('',#542,.T.);
#333=FACE_OUTER_BOUND('',#543,.T.);
#334=FACE_OUTER_BOUND('',#544,.T.);
#335=FACE_OUTER_BOUND('',#545,.T.);
#336=FACE_OUTER_BOUND('',#546,.T.);
#337=FACE_OUTER_BOUND('',#547,.T.);
#338=FACE_OUTER_BOUND('',#548,.T.);
#339=FACE_OUTER_BOUND('',#549,.T.);
#340=FACE_OUTER_BOUND('',#550,.T.);
#341=FACE_OUTER_BOUND('',#551,.T.);
#342=FACE_OUTER_BOUND('',#552,.T.);
#343=FACE_OUTER_BOUND('',#553,.T.);
#344=FACE_OUTER_BOUND('',#554,.T.);
#345=FACE_OUTER_BOUND('',#555,.T.);
#346=FACE_OUTER_BOUND('',#556,.T.);
#347=FACE_OUTER_BOUND('',#557,.T.);
#348=FACE_OUTER_BOUND('',#558,.T.);
#349=FACE_OUTER_BOUND('',#559,.T.);
#350=FACE_OUTER_BOUND('',#560,.T.);
#351=FACE_OUTER_BOUND('',#561,.T.);
#352=FACE_OUTER_BOUND('',#562,.T.);
#353=FACE_OUTER_BOUND('',#563,.T.);
#354=FACE_OUTER_BOUND('',#564,.T.);
#355=FACE_OUTER_BOUND('',#565,.T.);
#356=FACE_OUTER_BOUND('',#566,.T.);
#357=FACE_OUTER_BOUND('',#567,.T.);
#358=FACE_OUTER_BOUND('',#568,.T.);
#359=FACE_OUTER_BOUND('',#569,.T.);
#360=FACE_OUTER_BOUND('',#570,.T.);
#361=FACE_OUTER_BOUND('',#571,.T.);
#362=FACE_OUTER_BOUND('',#572,.T.);
#363=FACE_OUTER_BOUND('',#573,.T.);
#364=FACE_OUTER_BOUND('',#574,.T.);
#365=FACE_OUTER_BOUND('',#575,.T.);
#366=FACE_OUTER_BOUND('',#576,.T.);
#367=FACE_OUTER_BOUND('',#577,.T.);
#368=FACE_OUTER_BOUND('',#578,.T.);
#369=FACE_OUTER_BOUND('',#579,.T.);
#370=FACE_OUTER_BOUND('',#580,.T.);
#371=FACE_OUTER_BOUND('',#581,.T.);
#372=FACE_OUTER_BOUND('',#582,.T.);
#373=FACE_OUTER_BOUND('',#583,.T.);
#374=FACE_OUTER_BOUND('',#584,.T.);
#375=FACE_OUTER_BOUND('',#585,.T.);
#376=FACE_OUTER_BOUND('',#586,.T.);
#377=FACE_OUTER_BOUND('',#587,.T.);
#378=EDGE_LOOP('',(#2102,#2103,#2104,#2105));
#379=EDGE_LOOP('',(#2106,#2107,#2108,#2109));
#380=EDGE_LOOP('',(#2110,#2111,#2112,#2113,#2114,#2115,#2116,#2117,#2118,
#2119,#2120,#2121,#2122,#2123,#2124,#2125,#2126,#2127,#2128,#2129,#2130,
#2131,#2132,#2133));
#381=EDGE_LOOP('',(#2134));
#382=EDGE_LOOP('',(#2135));
#383=EDGE_LOOP('',(#2136,#2137,#2138,#2139));
#384=EDGE_LOOP('',(#2140,#2141,#2142,#2143));
#385=EDGE_LOOP('',(#2144,#2145,#2146,#2147,#2148,#2149,#2150,#2151,#2152,
#2153,#2154,#2155));
#386=EDGE_LOOP('',(#2156));
#387=EDGE_LOOP('',(#2157));
#388=EDGE_LOOP('',(#2158));
#389=EDGE_LOOP('',(#2159));
#390=EDGE_LOOP('',(#2160,#2161,#2162,#2163,#2164,#2165,#2166,#2167,#2168,
#2169,#2170,#2171,#2172,#2173,#2174,#2175,#2176,#2177,#2178,#2179,#2180,
#2181,#2182,#2183));
#391=EDGE_LOOP('',(#2184,#2185,#2186,#2187));
#392=EDGE_LOOP('',(#2188,#2189,#2190,#2191));
#393=EDGE_LOOP('',(#2192,#2193,#2194,#2195));
#394=EDGE_LOOP('',(#2196,#2197,#2198,#2199));
#395=EDGE_LOOP('',(#2200,#2201,#2202,#2203));
#396=EDGE_LOOP('',(#2204));
#397=EDGE_LOOP('',(#2205));
#398=EDGE_LOOP('',(#2206));
#399=EDGE_LOOP('',(#2207));
#400=EDGE_LOOP('',(#2208));
#401=EDGE_LOOP('',(#2209));
#402=EDGE_LOOP('',(#2210));
#403=EDGE_LOOP('',(#2211));
#404=EDGE_LOOP('',(#2212,#2213,#2214,#2215));
#405=EDGE_LOOP('',(#2216,#2217,#2218,#2219));
#406=EDGE_LOOP('',(#2220,#2221,#2222,#2223));
#407=EDGE_LOOP('',(#2224,#2225,#2226,#2227));
#408=EDGE_LOOP('',(#2228,#2229,#2230,#2231));
#409=EDGE_LOOP('',(#2232,#2233,#2234,#2235));
#410=EDGE_LOOP('',(#2236,#2237,#2238,#2239));
#411=EDGE_LOOP('',(#2240,#2241,#2242,#2243));
#412=EDGE_LOOP('',(#2244,#2245,#2246,#2247));
#413=EDGE_LOOP('',(#2248,#2249,#2250,#2251));
#414=EDGE_LOOP('',(#2252,#2253,#2254,#2255));
#415=EDGE_LOOP('',(#2256,#2257,#2258,#2259));
#416=EDGE_LOOP('',(#2260,#2261,#2262,#2263));
#417=EDGE_LOOP('',(#2264,#2265,#2266,#2267));
#418=EDGE_LOOP('',(#2268,#2269,#2270,#2271));
#419=EDGE_LOOP('',(#2272,#2273,#2274,#2275));
#420=EDGE_LOOP('',(#2276,#2277,#2278,#2279));
#421=EDGE_LOOP('',(#2280,#2281,#2282,#2283));
#422=EDGE_LOOP('',(#2284,#2285,#2286,#2287));
#423=EDGE_LOOP('',(#2288,#2289,#2290,#2291));
#424=EDGE_LOOP('',(#2292,#2293,#2294,#2295,#2296,#2297,#2298,#2299,#2300,
#2301,#2302,#2303));
#425=EDGE_LOOP('',(#2304));
#426=EDGE_LOOP('',(#2305));
#427=EDGE_LOOP('',(#2306));
#428=EDGE_LOOP('',(#2307));
#429=EDGE_LOOP('',(#2308));
#430=EDGE_LOOP('',(#2309));
#431=EDGE_LOOP('',(#2310,#2311,#2312,#2313));
#432=EDGE_LOOP('',(#2314,#2315,#2316,#2317));
#433=EDGE_LOOP('',(#2318,#2319,#2320,#2321));
#434=EDGE_LOOP('',(#2322,#2323,#2324,#2325));
#435=EDGE_LOOP('',(#2326,#2327,#2328,#2329));
#436=EDGE_LOOP('',(#2330,#2331,#2332,#2333));
#437=EDGE_LOOP('',(#2334,#2335,#2336,#2337));
#438=EDGE_LOOP('',(#2338,#2339,#2340,#2341));
#439=EDGE_LOOP('',(#2342,#2343,#2344,#2345));
#440=EDGE_LOOP('',(#2346,#2347,#2348,#2349));
#441=EDGE_LOOP('',(#2350,#2351,#2352,#2353));
#442=EDGE_LOOP('',(#2354,#2355,#2356,#2357));
#443=EDGE_LOOP('',(#2358,#2359,#2360,#2361));
#444=EDGE_LOOP('',(#2362,#2363,#2364,#2365));
#445=EDGE_LOOP('',(#2366,#2367,#2368,#2369));
#446=EDGE_LOOP('',(#2370,#2371,#2372,#2373));
#447=EDGE_LOOP('',(#2374,#2375,#2376,#2377));
#448=EDGE_LOOP('',(#2378,#2379,#2380,#2381));
#449=EDGE_LOOP('',(#2382,#2383,#2384,#2385));
#450=EDGE_LOOP('',(#2386,#2387,#2388,#2389,#2390,#2391,#2392,#2393,#2394,
#2395,#2396,#2397));
#451=EDGE_LOOP('',(#2398,#2399,#2400,#2401,#2402,#2403,#2404,#2405,#2406,
#2407));
#452=EDGE_LOOP('',(#2408,#2409,#2410));
#453=EDGE_LOOP('',(#2411,#2412,#2413,#2414));
#454=EDGE_LOOP('',(#2415,#2416,#2417,#2418));
#455=EDGE_LOOP('',(#2419,#2420,#2421,#2422,#2423));
#456=EDGE_LOOP('',(#2424,#2425,#2426,#2427));
#457=EDGE_LOOP('',(#2428,#2429,#2430,#2431));
#458=EDGE_LOOP('',(#2432,#2433,#2434,#2435));
#459=EDGE_LOOP('',(#2436,#2437,#2438,#2439,#2440,#2441,#2442,#2443,#2444,
#2445,#2446,#2447,#2448,#2449,#2450,#2451,#2452,#2453,#2454,#2455,#2456,
#2457,#2458,#2459,#2460,#2461,#2462,#2463,#2464,#2465,#2466,#2467,#2468,
#2469));
#460=EDGE_LOOP('',(#2470,#2471,#2472,#2473));
#461=EDGE_LOOP('',(#2474,#2475,#2476,#2477));
#462=EDGE_LOOP('',(#2478,#2479,#2480,#2481));
#463=EDGE_LOOP('',(#2482,#2483,#2484,#2485,#2486,#2487));
#464=EDGE_LOOP('',(#2488,#2489,#2490,#2491,#2492,#2493));
#465=EDGE_LOOP('',(#2494,#2495,#2496,#2497));
#466=EDGE_LOOP('',(#2498));
#467=EDGE_LOOP('',(#2499));
#468=EDGE_LOOP('',(#2500));
#469=EDGE_LOOP('',(#2501));
#470=EDGE_LOOP('',(#2502,#2503,#2504,#2505));
#471=EDGE_LOOP('',(#2506));
#472=EDGE_LOOP('',(#2507,#2508,#2509,#2510));
#473=EDGE_LOOP('',(#2511));
#474=EDGE_LOOP('',(#2512,#2513,#2514,#2515));
#475=EDGE_LOOP('',(#2516));
#476=EDGE_LOOP('',(#2517,#2518,#2519,#2520));
#477=EDGE_LOOP('',(#2521));
#478=EDGE_LOOP('',(#2522,#2523,#2524,#2525,#2526,#2527));
#479=EDGE_LOOP('',(#2528,#2529,#2530,#2531));
#480=EDGE_LOOP('',(#2532,#2533,#2534,#2535,#2536,#2537,#2538,#2539,#2540,
#2541,#2542,#2543));
#481=EDGE_LOOP('',(#2544));
#482=EDGE_LOOP('',(#2545));
#483=EDGE_LOOP('',(#2546));
#484=EDGE_LOOP('',(#2547));
#485=EDGE_LOOP('',(#2548,#2549,#2550,#2551,#2552,#2553,#2554,#2555,#2556,
#2557,#2558,#2559,#2560,#2561,#2562,#2563,#2564,#2565,#2566,#2567));
#486=EDGE_LOOP('',(#2568,#2569,#2570,#2571));
#487=EDGE_LOOP('',(#2572,#2573,#2574,#2575));
#488=EDGE_LOOP('',(#2576,#2577,#2578,#2579));
#489=EDGE_LOOP('',(#2580,#2581,#2582,#2583));
#490=EDGE_LOOP('',(#2584,#2585,#2586,#2587));
#491=EDGE_LOOP('',(#2588,#2589,#2590,#2591));
#492=EDGE_LOOP('',(#2592,#2593,#2594,#2595));
#493=EDGE_LOOP('',(#2596,#2597,#2598,#2599));
#494=EDGE_LOOP('',(#2600,#2601,#2602,#2603));
#495=EDGE_LOOP('',(#2604,#2605,#2606,#2607,#2608,#2609,#2610,#2611,#2612,
#2613,#2614));
#496=EDGE_LOOP('',(#2615,#2616,#2617,#2618,#2619));
#497=EDGE_LOOP('',(#2620,#2621,#2622,#2623,#2624));
#498=EDGE_LOOP('',(#2625,#2626,#2627,#2628,#2629));
#499=EDGE_LOOP('',(#2630,#2631,#2632,#2633,#2634));
#500=EDGE_LOOP('',(#2635,#2636,#2637,#2638));
#501=EDGE_LOOP('',(#2639,#2640,#2641,#2642));
#502=EDGE_LOOP('',(#2643,#2644,#2645));
#503=EDGE_LOOP('',(#2646,#2647,#2648,#2649));
#504=EDGE_LOOP('',(#2650,#2651,#2652));
#505=EDGE_LOOP('',(#2653,#2654,#2655,#2656,#2657,#2658,#2659,#2660,#2661));
#506=EDGE_LOOP('',(#2662,#2663,#2664,#2665,#2666,#2667,#2668,#2669));
#507=EDGE_LOOP('',(#2670,#2671,#2672,#2673));
#508=EDGE_LOOP('',(#2674,#2675,#2676));
#509=EDGE_LOOP('',(#2677,#2678,#2679,#2680));
#510=EDGE_LOOP('',(#2681,#2682,#2683,#2684));
#511=EDGE_LOOP('',(#2685,#2686,#2687,#2688,#2689,#2690));
#512=EDGE_LOOP('',(#2691,#2692,#2693,#2694));
#513=EDGE_LOOP('',(#2695,#2696,#2697,#2698));
#514=EDGE_LOOP('',(#2699,#2700,#2701,#2702));
#515=EDGE_LOOP('',(#2703,#2704,#2705,#2706));
#516=EDGE_LOOP('',(#2707,#2708,#2709,#2710));
#517=EDGE_LOOP('',(#2711,#2712,#2713,#2714));
#518=EDGE_LOOP('',(#2715,#2716,#2717,#2718));
#519=EDGE_LOOP('',(#2719,#2720,#2721,#2722));
#520=EDGE_LOOP('',(#2723,#2724,#2725,#2726));
#521=EDGE_LOOP('',(#2727,#2728,#2729,#2730));
#522=EDGE_LOOP('',(#2731,#2732,#2733,#2734));
#523=EDGE_LOOP('',(#2735,#2736,#2737,#2738));
#524=EDGE_LOOP('',(#2739,#2740,#2741,#2742));
#525=EDGE_LOOP('',(#2743,#2744,#2745,#2746,#2747,#2748));
#526=EDGE_LOOP('',(#2749,#2750,#2751,#2752,#2753,#2754));
#527=EDGE_LOOP('',(#2755,#2756,#2757,#2758,#2759));
#528=EDGE_LOOP('',(#2760,#2761,#2762,#2763,#2764));
#529=EDGE_LOOP('',(#2765,#2766,#2767,#2768));
#530=EDGE_LOOP('',(#2769,#2770,#2771,#2772,#2773,#2774,#2775,#2776,#2777,
#2778,#2779,#2780));
#531=EDGE_LOOP('',(#2781,#2782,#2783,#2784));
#532=EDGE_LOOP('',(#2785,#2786,#2787,#2788));
#533=EDGE_LOOP('',(#2789,#2790,#2791,#2792));
#534=EDGE_LOOP('',(#2793,#2794,#2795,#2796));
#535=EDGE_LOOP('',(#2797,#2798,#2799,#2800,#2801));
#536=EDGE_LOOP('',(#2802,#2803,#2804,#2805));
#537=EDGE_LOOP('',(#2806,#2807,#2808,#2809));
#538=EDGE_LOOP('',(#2810,#2811,#2812,#2813));
#539=EDGE_LOOP('',(#2814,#2815,#2816,#2817));
#540=EDGE_LOOP('',(#2818,#2819,#2820,#2821));
#541=EDGE_LOOP('',(#2822,#2823,#2824,#2825));
#542=EDGE_LOOP('',(#2826,#2827,#2828,#2829,#2830,#2831,#2832,#2833,#2834));
#543=EDGE_LOOP('',(#2835,#2836,#2837,#2838));
#544=EDGE_LOOP('',(#2839,#2840,#2841,#2842));
#545=EDGE_LOOP('',(#2843,#2844,#2845,#2846));
#546=EDGE_LOOP('',(#2847,#2848,#2849,#2850));
#547=EDGE_LOOP('',(#2851,#2852,#2853,#2854));
#548=EDGE_LOOP('',(#2855,#2856,#2857,#2858,#2859,#2860));
#549=EDGE_LOOP('',(#2861,#2862,#2863,#2864));
#550=EDGE_LOOP('',(#2865,#2866,#2867,#2868));
#551=EDGE_LOOP('',(#2869,#2870,#2871));
#552=EDGE_LOOP('',(#2872,#2873,#2874));
#553=EDGE_LOOP('',(#2875,#2876,#2877,#2878,#2879,#2880));
#554=EDGE_LOOP('',(#2881,#2882,#2883,#2884));
#555=EDGE_LOOP('',(#2885,#2886,#2887,#2888));
#556=EDGE_LOOP('',(#2889,#2890,#2891,#2892));
#557=EDGE_LOOP('',(#2893,#2894,#2895,#2896,#2897));
#558=EDGE_LOOP('',(#2898,#2899,#2900,#2901,#2902));
#559=EDGE_LOOP('',(#2903,#2904,#2905,#2906));
#560=EDGE_LOOP('',(#2907,#2908,#2909,#2910,#2911,#2912,#2913,#2914));
#561=EDGE_LOOP('',(#2915,#2916,#2917,#2918));
#562=EDGE_LOOP('',(#2919,#2920,#2921,#2922));
#563=EDGE_LOOP('',(#2923,#2924,#2925,#2926));
#564=EDGE_LOOP('',(#2927,#2928,#2929,#2930));
#565=EDGE_LOOP('',(#2931,#2932,#2933,#2934,#2935,#2936));
#566=EDGE_LOOP('',(#2937,#2938,#2939,#2940,#2941,#2942,#2943,#2944,#2945,
#2946,#2947,#2948));
#567=EDGE_LOOP('',(#2949,#2950,#2951,#2952));
#568=EDGE_LOOP('',(#2953,#2954,#2955,#2956));
#569=EDGE_LOOP('',(#2957,#2958,#2959,#2960,#2961,#2962,#2963,#2964));
#570=EDGE_LOOP('',(#2965,#2966,#2967,#2968));
#571=EDGE_LOOP('',(#2969,#2970,#2971,#2972));
#572=EDGE_LOOP('',(#2973,#2974,#2975,#2976));
#573=EDGE_LOOP('',(#2977,#2978,#2979,#2980));
#574=EDGE_LOOP('',(#2981,#2982,#2983,#2984));
#575=EDGE_LOOP('',(#2985));
#576=EDGE_LOOP('',(#2986));
#577=EDGE_LOOP('',(#2987));
#578=EDGE_LOOP('',(#2988));
#579=EDGE_LOOP('',(#2989,#2990,#2991,#2992,#2993,#2994,#2995));
#580=EDGE_LOOP('',(#2996,#2997,#2998,#2999));
#581=EDGE_LOOP('',(#3000,#3001,#3002,#3003));
#582=EDGE_LOOP('',(#3004,#3005,#3006,#3007));
#583=EDGE_LOOP('',(#3008,#3009,#3010,#3011));
#584=EDGE_LOOP('',(#3012,#3013,#3014,#3015));
#585=EDGE_LOOP('',(#3016,#3017,#3018,#3019,#3020,#3021,#3022,#3023,#3024,
#3025));
#586=EDGE_LOOP('',(#3026,#3027,#3028,#3029,#3030,#3031,#3032,#3033,#3034,
#3035));
#587=EDGE_LOOP('',(#3036,#3037,#3038,#3039));
#588=LINE('',#4577,#956);
#589=LINE('',#4579,#957);
#590=LINE('',#4581,#958);
#591=LINE('',#4582,#959);
#592=LINE('',#4585,#960);
#593=LINE('',#4587,#961);
#594=LINE('',#4588,#962);
#595=LINE('',#4591,#963);
#596=LINE('',#4593,#964);
#597=LINE('',#4595,#965);
#598=LINE('',#4605,#966);
#599=LINE('',#4611,#967);
#600=LINE('',#4615,#968);
#601=LINE('',#4619,#969);
#602=LINE('',#4623,#970);
#603=LINE('',#4632,#971);
#604=LINE('',#4640,#972);
#605=LINE('',#4641,#973);
#606=LINE('',#4642,#974);
#607=LINE('',#4645,#975);
#608=LINE('',#4646,#976);
#609=LINE('',#4652,#977);
#610=LINE('',#4656,#978);
#611=LINE('',#4660,#979);
#612=LINE('',#4664,#980);
#613=LINE('',#4668,#981);
#614=LINE('',#4671,#982);
#615=LINE('',#4680,#983);
#616=LINE('',#4682,#984);
#617=LINE('',#4692,#985);
#618=LINE('',#4696,#986);
#619=LINE('',#4700,#987);
#620=LINE('',#4704,#988);
#621=LINE('',#4710,#989);
#622=LINE('',#4720,#990);
#623=LINE('',#4723,#991);
#624=LINE('',#4726,#992);
#625=LINE('',#4727,#993);
#626=LINE('',#4731,#994);
#627=LINE('',#4734,#995);
#628=LINE('',#4738,#996);
#629=LINE('',#4761,#997);
#630=LINE('',#4764,#998);
#631=LINE('',#4765,#999);
#632=LINE('',#4767,#1000);
#633=LINE('',#4769,#1001);
#634=LINE('',#4771,#1002);
#635=LINE('',#4773,#1003);
#636=LINE('',#4775,#1004);
#637=LINE('',#4777,#1005);
#638=LINE('',#4779,#1006);
#639=LINE('',#4781,#1007);
#640=LINE('',#4783,#1008);
#641=LINE('',#4785,#1009);
#642=LINE('',#4789,#1010);
#643=LINE('',#4792,#1011);
#644=LINE('',#4795,#1012);
#645=LINE('',#4796,#1013);
#646=LINE('',#4799,#1014);
#647=LINE('',#4803,#1015);
#648=LINE('',#4804,#1016);
#649=LINE('',#4807,#1017);
#650=LINE('',#4811,#1018);
#651=LINE('',#4812,#1019);
#652=LINE('',#4814,#1020);
#653=LINE('',#4817,#1021);
#654=LINE('',#4827,#1022);
#655=LINE('',#4828,#1023);
#656=LINE('',#4830,#1024);
#657=LINE('',#4832,#1025);
#658=LINE('',#4837,#1026);
#659=LINE('',#4839,#1027);
#660=LINE('',#4841,#1028);
#661=LINE('',#4843,#1029);
#662=LINE('',#4845,#1030);
#663=LINE('',#4847,#1031);
#664=LINE('',#4849,#1032);
#665=LINE('',#4851,#1033);
#666=LINE('',#4853,#1034);
#667=LINE('',#4855,#1035);
#668=LINE('',#4862,#1036);
#669=LINE('',#4865,#1037);
#670=LINE('',#4871,#1038);
#671=LINE('',#4874,#1039);
#672=LINE('',#4877,#1040);
#673=LINE('',#4881,#1041);
#674=LINE('',#4885,#1042);
#675=LINE('',#4889,#1043);
#676=LINE('',#4892,#1044);
#677=LINE('',#4893,#1045);
#678=LINE('',#4896,#1046);
#679=LINE('',#4898,#1047);
#680=LINE('',#4900,#1048);
#681=LINE('',#4902,#1049);
#682=LINE('',#4904,#1050);
#683=LINE('',#4906,#1051);
#684=LINE('',#4908,#1052);
#685=LINE('',#4910,#1053);
#686=LINE('',#4912,#1054);
#687=LINE('',#4913,#1055);
#688=LINE('',#4918,#1056);
#689=LINE('',#4919,#1057);
#690=LINE('',#4922,#1058);
#691=LINE('',#4924,#1059);
#692=LINE('',#4927,#1060);
#693=LINE('',#4931,#1061);
#694=LINE('',#4933,#1062);
#695=LINE('',#4935,#1063);
#696=LINE('',#4936,#1064);
#697=LINE('',#4940,#1065);
#698=LINE('',#4942,#1066);
#699=LINE('',#4943,#1067);
#700=LINE('',#4944,#1068);
#701=LINE('',#4947,#1069);
#702=LINE('',#4949,#1070);
#703=LINE('',#4950,#1071);
#704=LINE('',#4952,#1072);
#705=LINE('',#4953,#1073);
#706=LINE('',#4957,#1074);
#707=LINE('',#4959,#1075);
#708=LINE('',#4961,#1076);
#709=LINE('',#4963,#1077);
#710=LINE('',#4965,#1078);
#711=LINE('',#4967,#1079);
#712=LINE('',#4969,#1080);
#713=LINE('',#4971,#1081);
#714=LINE('',#4973,#1082);
#715=LINE('',#4975,#1083);
#716=LINE('',#4979,#1084);
#717=LINE('',#4983,#1085);
#718=LINE('',#4985,#1086);
#719=LINE('',#4987,#1087);
#720=LINE('',#4989,#1088);
#721=LINE('',#4991,#1089);
#722=LINE('',#4993,#1090);
#723=LINE('',#4995,#1091);
#724=LINE('',#4997,#1092);
#725=LINE('',#4999,#1093);
#726=LINE('',#5003,#1094);
#727=LINE('',#5007,#1095);
#728=LINE('',#5009,#1096);
#729=LINE('',#5011,#1097);
#730=LINE('',#5013,#1098);
#731=LINE('',#5014,#1099);
#732=LINE('',#5017,#1100);
#733=LINE('',#5019,#1101);
#734=LINE('',#5021,#1102);
#735=LINE('',#5022,#1103);
#736=LINE('',#5028,#1104);
#737=LINE('',#5031,#1105);
#738=LINE('',#5035,#1106);
#739=LINE('',#5036,#1107);
#740=LINE('',#5037,#1108);
#741=LINE('',#5041,#1109);
#742=LINE('',#5042,#1110);
#743=LINE('',#5044,#1111);
#744=LINE('',#5046,#1112);
#745=LINE('',#5047,#1113);
#746=LINE('',#5051,#1114);
#747=LINE('',#5053,#1115);
#748=LINE('',#5055,#1116);
#749=LINE('',#5056,#1117);
#750=LINE('',#5057,#1118);
#751=LINE('',#5060,#1119);
#752=LINE('',#5062,#1120);
#753=LINE('',#5063,#1121);
#754=LINE('',#5078,#1122);
#755=LINE('',#5080,#1123);
#756=LINE('',#5081,#1124);
#757=LINE('',#5087,#1125);
#758=LINE('',#5088,#1126);
#759=LINE('',#5089,#1127);
#760=LINE('',#5095,#1128);
#761=LINE('',#5096,#1129);
#762=LINE('',#5097,#1130);
#763=LINE('',#5102,#1131);
#764=LINE('',#5104,#1132);
#765=LINE('',#5105,#1133);
#766=LINE('',#5109,#1134);
#767=LINE('',#5110,#1135);
#768=LINE('',#5112,#1136);
#769=LINE('',#5115,#1137);
#770=LINE('',#5119,#1138);
#771=LINE('',#5123,#1139);
#772=LINE('',#5127,#1140);
#773=LINE('',#5130,#1141);
#774=LINE('',#5131,#1142);
#775=LINE('',#5144,#1143);
#776=LINE('',#5147,#1144);
#777=LINE('',#5149,#1145);
#778=LINE('',#5153,#1146);
#779=LINE('',#5157,#1147);
#780=LINE('',#5161,#1148);
#781=LINE('',#5163,#1149);
#782=LINE('',#5165,#1150);
#783=LINE('',#5167,#1151);
#784=LINE('',#5169,#1152);
#785=LINE('',#5171,#1153);
#786=LINE('',#5173,#1154);
#787=LINE('',#5175,#1155);
#788=LINE('',#5176,#1156);
#789=LINE('',#5179,#1157);
#790=LINE('',#5180,#1158);
#791=LINE('',#5182,#1159);
#792=LINE('',#5184,#1160);
#793=LINE('',#5186,#1161);
#794=LINE('',#5187,#1162);
#795=LINE('',#5190,#1163);
#796=LINE('',#5191,#1164);
#797=LINE('',#5197,#1165);
#798=LINE('',#5199,#1166);
#799=LINE('',#5201,#1167);
#800=LINE('',#5203,#1168);
#801=LINE('',#5205,#1169);
#802=LINE('',#5206,#1170);
#803=LINE('',#5208,#1171);
#804=LINE('',#5210,#1172);
#805=LINE('',#5212,#1173);
#806=LINE('',#5213,#1174);
#807=LINE('',#5216,#1175);
#808=LINE('',#5217,#1176);
#809=LINE('',#5220,#1177);
#810=LINE('',#5222,#1178);
#811=LINE('',#5223,#1179);
#812=LINE('',#5226,#1180);
#813=LINE('',#5228,#1181);
#814=LINE('',#5229,#1182);
#815=LINE('',#5232,#1183);
#816=LINE('',#5234,#1184);
#817=LINE('',#5235,#1185);
#818=LINE('',#5238,#1186);
#819=LINE('',#5239,#1187);
#820=LINE('',#5242,#1188);
#821=LINE('',#5244,#1189);
#822=LINE('',#5245,#1190);
#823=LINE('',#5247,#1191);
#824=LINE('',#5250,#1192);
#825=LINE('',#5251,#1193);
#826=LINE('',#5253,#1194);
#827=LINE('',#5256,#1195);
#828=LINE('',#5258,#1196);
#829=LINE('',#5259,#1197);
#830=LINE('',#5262,#1198);
#831=LINE('',#5264,#1199);
#832=LINE('',#5265,#1200);
#833=LINE('',#5267,#1201);
#834=LINE('',#5269,#1202);
#835=LINE('',#5270,#1203);
#836=LINE('',#5273,#1204);
#837=LINE('',#5275,#1205);
#838=LINE('',#5277,#1206);
#839=LINE('',#5278,#1207);
#840=LINE('',#5280,#1208);
#841=LINE('',#5284,#1209);
#842=LINE('',#5285,#1210);
#843=LINE('',#5286,#1211);
#844=LINE('',#5288,#1212);
#845=LINE('',#5290,#1213);
#846=LINE('',#5292,#1214);
#847=LINE('',#5294,#1215);
#848=LINE('',#5295,#1216);
#849=LINE('',#5298,#1217);
#850=LINE('',#5300,#1218);
#851=LINE('',#5301,#1219);
#852=LINE('',#5304,#1220);
#853=LINE('',#5306,#1221);
#854=LINE('',#5307,#1222);
#855=LINE('',#5309,#1223);
#856=LINE('',#5311,#1224);
#857=LINE('',#5313,#1225);
#858=LINE('',#5315,#1226);
#859=LINE('',#5317,#1227);
#860=LINE('',#5318,#1228);
#861=LINE('',#5320,#1229);
#862=LINE('',#5321,#1230);
#863=LINE('',#5323,#1231);
#864=LINE('',#5324,#1232);
#865=LINE('',#5326,#1233);
#866=LINE('',#5329,#1234);
#867=LINE('',#5330,#1235);
#868=LINE('',#5332,#1236);
#869=LINE('',#5334,#1237);
#870=LINE('',#5337,#1238);
#871=LINE('',#5340,#1239);
#872=LINE('',#5343,#1240);
#873=LINE('',#5344,#1241);
#874=LINE('',#5345,#1242);
#875=LINE('',#5348,#1243);
#876=LINE('',#5349,#1244);
#877=LINE('',#5350,#1245);
#878=LINE('',#5351,#1246);
#879=LINE('',#5352,#1247);
#880=LINE('',#5357,#1248);
#881=LINE('',#5358,#1249);
#882=LINE('',#5359,#1250);
#883=LINE('',#5362,#1251);
#884=LINE('',#5364,#1252);
#885=LINE('',#5365,#1253);
#886=LINE('',#5369,#1254);
#887=LINE('',#5371,#1255);
#888=LINE('',#5373,#1256);
#889=LINE('',#5374,#1257);
#890=LINE('',#5376,#1258);
#891=LINE('',#5378,#1259);
#892=LINE('',#5379,#1260);
#893=LINE('',#5381,#1261);
#894=LINE('',#5382,#1262);
#895=LINE('',#5384,#1263);
#896=LINE('',#5388,#1264);
#897=LINE('',#5389,#1265);
#898=LINE('',#5390,#1266);
#899=LINE('',#5392,#1267);
#900=LINE('',#5397,#1268);
#901=LINE('',#5398,#1269);
#902=LINE('',#5399,#1270);
#903=LINE('',#5402,#1271);
#904=LINE('',#5403,#1272);
#905=LINE('',#5407,#1273);
#906=LINE('',#5409,#1274);
#907=LINE('',#5412,#1275);
#908=LINE('',#5413,#1276);
#909=LINE('',#5415,#1277);
#910=LINE('',#5419,#1278);
#911=LINE('',#5421,#1279);
#912=LINE('',#5423,#1280);
#913=LINE('',#5424,#1281);
#914=LINE('',#5426,#1282);
#915=LINE('',#5428,#1283);
#916=LINE('',#5430,#1284);
#917=LINE('',#5431,#1285);
#918=LINE('',#5434,#1286);
#919=LINE('',#5435,#1287);
#920=LINE('',#5437,#1288);
#921=LINE('',#5440,#1289);
#922=LINE('',#5441,#1290);
#923=LINE('',#5444,#1291);
#924=LINE('',#5445,#1292);
#925=LINE('',#5448,#1293);
#926=LINE('',#5450,#1294);
#927=LINE('',#5451,#1295);
#928=LINE('',#5454,#1296);
#929=LINE('',#5456,#1297);
#930=LINE('',#5458,#1298);
#931=LINE('',#5460,#1299);
#932=LINE('',#5464,#1300);
#933=LINE('',#5469,#1301);
#934=LINE('',#5473,#1302);
#935=LINE('',#5477,#1303);
#936=LINE('',#5481,#1304);
#937=LINE('',#5485,#1305);
#938=LINE('',#5489,#1306);
#939=LINE('',#5499,#1307);
#940=LINE('',#5501,#1308);
#941=LINE('',#5503,#1309);
#942=LINE('',#5504,#1310);
#943=LINE('',#5508,#1311);
#944=LINE('',#5509,#1312);
#945=LINE('',#5510,#1313);
#946=LINE('',#5513,#1314);
#947=LINE('',#5515,#1315);
#948=LINE('',#5516,#1316);
#949=LINE('',#5520,#1317);
#950=LINE('',#5521,#1318);
#951=LINE('',#5522,#1319);
#952=LINE('',#5524,#1320);
#953=LINE('',#5525,#1321);
#954=LINE('',#5527,#1322);
#955=LINE('',#5529,#1323);
#956=VECTOR('',#3647,10.);
#957=VECTOR('',#3648,10.);
#958=VECTOR('',#3649,10.);
#959=VECTOR('',#3650,10.);
#960=VECTOR('',#3653,10.);
#961=VECTOR('',#3654,10.);
#962=VECTOR('',#3655,10.);
#963=VECTOR('',#3658,10.);
#964=VECTOR('',#3659,10.);
#965=VECTOR('',#3660,10.);
#966=VECTOR('',#3669,10.);
#967=VECTOR('',#3674,10.);
#968=VECTOR('',#3677,10.);
#969=VECTOR('',#3680,10.);
#970=VECTOR('',#3683,10.);
#971=VECTOR('',#3692,10.);
#972=VECTOR('',#3699,10.);
#973=VECTOR('',#3700,10.);
#974=VECTOR('',#3701,10.);
#975=VECTOR('',#3704,10.);
#976=VECTOR('',#3705,10.);
#977=VECTOR('',#3710,10.);
#978=VECTOR('',#3713,10.);
#979=VECTOR('',#3716,10.);
#980=VECTOR('',#3719,10.);
#981=VECTOR('',#3722,10.);
#982=VECTOR('',#3725,10.);
#983=VECTOR('',#3734,10.);
#984=VECTOR('',#3735,10.);
#985=VECTOR('',#3744,10.);
#986=VECTOR('',#3747,10.);
#987=VECTOR('',#3750,10.);
#988=VECTOR('',#3753,10.);
#989=VECTOR('',#3758,10.);
#990=VECTOR('',#3769,10.);
#991=VECTOR('',#3772,10.);
#992=VECTOR('',#3775,10.);
#993=VECTOR('',#3776,10.);
#994=VECTOR('',#3781,10.);
#995=VECTOR('',#3784,14.);
#996=VECTOR('',#3789,14.);
#997=VECTOR('',#3818,1.475);
#998=VECTOR('',#3823,10.);
#999=VECTOR('',#3824,10.);
#1000=VECTOR('',#3827,10.);
#1001=VECTOR('',#3830,10.);
#1002=VECTOR('',#3833,10.);
#1003=VECTOR('',#3836,10.);
#1004=VECTOR('',#3839,10.);
#1005=VECTOR('',#3842,10.);
#1006=VECTOR('',#3845,10.);
#1007=VECTOR('',#3848,10.);
#1008=VECTOR('',#3851,10.);
#1009=VECTOR('',#3854,10.);
#1010=VECTOR('',#3859,10.);
#1011=VECTOR('',#3862,10.);
#1012=VECTOR('',#3865,10.);
#1013=VECTOR('',#3866,10.);
#1014=VECTOR('',#3869,10.);
#1015=VECTOR('',#3874,10.);
#1016=VECTOR('',#3875,10.);
#1017=VECTOR('',#3878,10.);
#1018=VECTOR('',#3883,10.);
#1019=VECTOR('',#3884,10.);
#1020=VECTOR('',#3887,10.);
#1021=VECTOR('',#3890,10.);
#1022=VECTOR('',#3901,10.);
#1023=VECTOR('',#3902,10.);
#1024=VECTOR('',#3905,10.);
#1025=VECTOR('',#3908,10.);
#1026=VECTOR('',#3917,10.);
#1027=VECTOR('',#3920,2.99999999999999);
#1028=VECTOR('',#3923,2.99999999999999);
#1029=VECTOR('',#3926,3.00000000000001);
#1030=VECTOR('',#3929,3.);
#1031=VECTOR('',#3932,10.);
#1032=VECTOR('',#3935,1.475);
#1033=VECTOR('',#3938,1.475);
#1034=VECTOR('',#3941,1.475);
#1035=VECTOR('',#3944,10.);
#1036=VECTOR('',#3951,1.);
#1037=VECTOR('',#3954,10.);
#1038=VECTOR('',#3959,1.);
#1039=VECTOR('',#3962,10.);
#1040=VECTOR('',#3965,10.);
#1041=VECTOR('',#3968,10.);
#1042=VECTOR('',#3971,10.);
#1043=VECTOR('',#3974,10.);
#1044=VECTOR('',#3977,10.);
#1045=VECTOR('',#3978,10.);
#1046=VECTOR('',#3979,10.);
#1047=VECTOR('',#3980,10.);
#1048=VECTOR('',#3981,10.);
#1049=VECTOR('',#3982,10.);
#1050=VECTOR('',#3983,10.);
#1051=VECTOR('',#3984,10.);
#1052=VECTOR('',#3985,10.);
#1053=VECTOR('',#3986,10.);
#1054=VECTOR('',#3987,10.);
#1055=VECTOR('',#3988,10.);
#1056=VECTOR('',#3991,10.);
#1057=VECTOR('',#3992,10.);
#1058=VECTOR('',#3993,10.);
#1059=VECTOR('',#3994,10.);
#1060=VECTOR('',#3997,10.);
#1061=VECTOR('',#4000,10.);
#1062=VECTOR('',#4001,10.);
#1063=VECTOR('',#4002,10.);
#1064=VECTOR('',#4003,10.);
#1065=VECTOR('',#4006,10.);
#1066=VECTOR('',#4007,10.);
#1067=VECTOR('',#4008,10.);
#1068=VECTOR('',#4009,10.);
#1069=VECTOR('',#4012,10.);
#1070=VECTOR('',#4013,10.);
#1071=VECTOR('',#4014,10.);
#1072=VECTOR('',#4017,10.);
#1073=VECTOR('',#4018,10.);
#1074=VECTOR('',#4023,10.);
#1075=VECTOR('',#4024,10.);
#1076=VECTOR('',#4025,10.);
#1077=VECTOR('',#4026,10.);
#1078=VECTOR('',#4027,10.);
#1079=VECTOR('',#4028,10.);
#1080=VECTOR('',#4029,10.);
#1081=VECTOR('',#4030,10.);
#1082=VECTOR('',#4031,10.);
#1083=VECTOR('',#4032,10.);
#1084=VECTOR('',#4035,10.);
#1085=VECTOR('',#4038,10.);
#1086=VECTOR('',#4039,10.);
#1087=VECTOR('',#4040,10.);
#1088=VECTOR('',#4041,10.);
#1089=VECTOR('',#4042,10.);
#1090=VECTOR('',#4043,10.);
#1091=VECTOR('',#4044,10.);
#1092=VECTOR('',#4045,10.);
#1093=VECTOR('',#4046,10.);
#1094=VECTOR('',#4049,10.);
#1095=VECTOR('',#4052,10.);
#1096=VECTOR('',#4053,10.);
#1097=VECTOR('',#4054,10.);
#1098=VECTOR('',#4055,10.);
#1099=VECTOR('',#4056,10.);
#1100=VECTOR('',#4057,10.);
#1101=VECTOR('',#4058,10.);
#1102=VECTOR('',#4059,10.);
#1103=VECTOR('',#4060,10.);
#1104=VECTOR('',#4065,10.);
#1105=VECTOR('',#4068,10.);
#1106=VECTOR('',#4071,10.);
#1107=VECTOR('',#4072,10.);
#1108=VECTOR('',#4073,10.);
#1109=VECTOR('',#4076,10.);
#1110=VECTOR('',#4077,10.);
#1111=VECTOR('',#4078,10.);
#1112=VECTOR('',#4079,10.);
#1113=VECTOR('',#4080,10.);
#1114=VECTOR('',#4083,10.);
#1115=VECTOR('',#4084,10.);
#1116=VECTOR('',#4085,10.);
#1117=VECTOR('',#4086,10.);
#1118=VECTOR('',#4087,10.);
#1119=VECTOR('',#4090,10.);
#1120=VECTOR('',#4091,10.);
#1121=VECTOR('',#4092,10.);
#1122=VECTOR('',#4111,10.);
#1123=VECTOR('',#4112,10.);
#1124=VECTOR('',#4113,10.);
#1125=VECTOR('',#4118,10.);
#1126=VECTOR('',#4119,10.);
#1127=VECTOR('',#4120,10.);
#1128=VECTOR('',#4125,10.);
#1129=VECTOR('',#4126,10.);
#1130=VECTOR('',#4127,10.);
#1131=VECTOR('',#4132,10.);
#1132=VECTOR('',#4133,10.);
#1133=VECTOR('',#4134,10.);
#1134=VECTOR('',#4139,10.);
#1135=VECTOR('',#4140,10.);
#1136=VECTOR('',#4143,10.);
#1137=VECTOR('',#4146,10.);
#1138=VECTOR('',#4149,10.);
#1139=VECTOR('',#4152,10.);
#1140=VECTOR('',#4155,10.);
#1141=VECTOR('',#4158,10.);
#1142=VECTOR('',#4159,10.);
#1143=VECTOR('',#4170,10.);
#1144=VECTOR('',#4173,10.);
#1145=VECTOR('',#4174,10.);
#1146=VECTOR('',#4177,10.);
#1147=VECTOR('',#4180,10.);
#1148=VECTOR('',#4183,10.);
#1149=VECTOR('',#4184,10.);
#1150=VECTOR('',#4185,10.);
#1151=VECTOR('',#4186,10.);
#1152=VECTOR('',#4187,10.);
#1153=VECTOR('',#4188,10.);
#1154=VECTOR('',#4189,10.);
#1155=VECTOR('',#4190,10.);
#1156=VECTOR('',#4191,10.);
#1157=VECTOR('',#4196,10.);
#1158=VECTOR('',#4197,10.);
#1159=VECTOR('',#4200,10.);
#1160=VECTOR('',#4203,10.);
#1161=VECTOR('',#4206,10.);
#1162=VECTOR('',#4207,10.);
#1163=VECTOR('',#4212,10.);
#1164=VECTOR('',#4213,10.);
#1165=VECTOR('',#4220,10.);
#1166=VECTOR('',#4221,10.);
#1167=VECTOR('',#4222,10.);
#1168=VECTOR('',#4223,10.);
#1169=VECTOR('',#4224,10.);
#1170=VECTOR('',#4225,10.);
#1171=VECTOR('',#4226,10.);
#1172=VECTOR('',#4227,10.);
#1173=VECTOR('',#4228,10.);
#1174=VECTOR('',#4229,10.);
#1175=VECTOR('',#4232,10.);
#1176=VECTOR('',#4233,10.);
#1177=VECTOR('',#4236,10.);
#1178=VECTOR('',#4237,10.);
#1179=VECTOR('',#4238,10.);
#1180=VECTOR('',#4241,10.);
#1181=VECTOR('',#4242,10.);
#1182=VECTOR('',#4243,10.);
#1183=VECTOR('',#4246,10.);
#1184=VECTOR('',#4247,10.);
#1185=VECTOR('',#4248,10.);
#1186=VECTOR('',#4251,10.);
#1187=VECTOR('',#4252,10.);
#1188=VECTOR('',#4255,10.);
#1189=VECTOR('',#4256,10.);
#1190=VECTOR('',#4257,10.);
#1191=VECTOR('',#4260,10.);
#1192=VECTOR('',#4263,10.);
#1193=VECTOR('',#4264,10.);
#1194=VECTOR('',#4267,10.);
#1195=VECTOR('',#4270,10.);
#1196=VECTOR('',#4271,10.);
#1197=VECTOR('',#4272,10.);
#1198=VECTOR('',#4275,10.);
#1199=VECTOR('',#4276,10.);
#1200=VECTOR('',#4277,10.);
#1201=VECTOR('',#4278,10.);
#1202=VECTOR('',#4279,10.);
#1203=VECTOR('',#4280,10.);
#1204=VECTOR('',#4281,10.);
#1205=VECTOR('',#4282,10.);
#1206=VECTOR('',#4283,10.);
#1207=VECTOR('',#4284,10.);
#1208=VECTOR('',#4287,10.);
#1209=VECTOR('',#4290,10.);
#1210=VECTOR('',#4291,10.);
#1211=VECTOR('',#4292,10.);
#1212=VECTOR('',#4295,10.);
#1213=VECTOR('',#4298,10.);
#1214=VECTOR('',#4301,10.);
#1215=VECTOR('',#4304,10.);
#1216=VECTOR('',#4305,10.);
#1217=VECTOR('',#4308,10.);
#1218=VECTOR('',#4309,10.);
#1219=VECTOR('',#4310,10.);
#1220=VECTOR('',#4313,10.);
#1221=VECTOR('',#4314,10.);
#1222=VECTOR('',#4315,10.);
#1223=VECTOR('',#4318,1.5);
#1224=VECTOR('',#4321,1.5);
#1225=VECTOR('',#4324,1.5);
#1226=VECTOR('',#4327,1.5);
#1227=VECTOR('',#4330,10.);
#1228=VECTOR('',#4331,10.);
#1229=VECTOR('',#4334,10.);
#1230=VECTOR('',#4335,10.);
#1231=VECTOR('',#4338,10.);
#1232=VECTOR('',#4339,10.);
#1233=VECTOR('',#4342,10.);
#1234=VECTOR('',#4345,10.);
#1235=VECTOR('',#4346,10.);
#1236=VECTOR('',#4349,10.);
#1237=VECTOR('',#4352,10.);
#1238=VECTOR('',#4355,10.);
#1239=VECTOR('',#4358,10.);
#1240=VECTOR('',#4361,10.);
#1241=VECTOR('',#4362,10.);
#1242=VECTOR('',#4363,10.);
#1243=VECTOR('',#4368,10.);
#1244=VECTOR('',#4369,10.);
#1245=VECTOR('',#4370,10.);
#1246=VECTOR('',#4371,10.);
#1247=VECTOR('',#4372,10.);
#1248=VECTOR('',#4377,10.);
#1249=VECTOR('',#4378,10.);
#1250=VECTOR('',#4379,10.);
#1251=VECTOR('',#4382,10.);
#1252=VECTOR('',#4383,10.);
#1253=VECTOR('',#4384,10.);
#1254=VECTOR('',#4387,10.);
#1255=VECTOR('',#4388,10.);
#1256=VECTOR('',#4389,10.);
#1257=VECTOR('',#4390,10.);
#1258=VECTOR('',#4393,10.);
#1259=VECTOR('',#4394,10.);
#1260=VECTOR('',#4395,10.);
#1261=VECTOR('',#4398,10.);
#1262=VECTOR('',#4399,10.);
#1263=VECTOR('',#4402,10.);
#1264=VECTOR('',#4405,10.);
#1265=VECTOR('',#4406,10.);
#1266=VECTOR('',#4407,10.);
#1267=VECTOR('',#4410,10.);
#1268=VECTOR('',#4415,10.);
#1269=VECTOR('',#4416,10.);
#1270=VECTOR('',#4417,10.);
#1271=VECTOR('',#4420,10.);
#1272=VECTOR('',#4421,10.);
#1273=VECTOR('',#4426,10.);
#1274=VECTOR('',#4429,10.);
#1275=VECTOR('',#4432,10.);
#1276=VECTOR('',#4433,10.);
#1277=VECTOR('',#4436,10.);
#1278=VECTOR('',#4439,10.);
#1279=VECTOR('',#4440,10.);
#1280=VECTOR('',#4441,10.);
#1281=VECTOR('',#4442,10.);
#1282=VECTOR('',#4445,10.);
#1283=VECTOR('',#4446,10.);
#1284=VECTOR('',#4447,10.);
#1285=VECTOR('',#4448,10.);
#1286=VECTOR('',#4451,10.);
#1287=VECTOR('',#4452,10.);
#1288=VECTOR('',#4455,10.);
#1289=VECTOR('',#4458,10.);
#1290=VECTOR('',#4459,10.);
#1291=VECTOR('',#4464,10.);
#1292=VECTOR('',#4465,10.);
#1293=VECTOR('',#4468,10.);
#1294=VECTOR('',#4469,10.);
#1295=VECTOR('',#4470,10.);
#1296=VECTOR('',#4475,10.);
#1297=VECTOR('',#4478,10.);
#1298=VECTOR('',#4481,10.);
#1299=VECTOR('',#4484,10.);
#1300=VECTOR('',#4491,10.);
#1301=VECTOR('',#4500,10.);
#1302=VECTOR('',#4507,10.);
#1303=VECTOR('',#4512,1.7);
#1304=VECTOR('',#4517,1.7);
#1305=VECTOR('',#4522,1.7);
#1306=VECTOR('',#4527,1.7);
#1307=VECTOR('',#4542,10.);
#1308=VECTOR('',#4543,10.);
#1309=VECTOR('',#4544,10.);
#1310=VECTOR('',#4545,10.);
#1311=VECTOR('',#4548,10.);
#1312=VECTOR('',#4549,10.);
#1313=VECTOR('',#4550,10.);
#1314=VECTOR('',#4553,10.);
#1315=VECTOR('',#4554,10.);
#1316=VECTOR('',#4555,10.);
#1317=VECTOR('',#4558,10.);
#1318=VECTOR('',#4559,10.);
#1319=VECTOR('',#4560,10.);
#1320=VECTOR('',#4563,10.);
#1321=VECTOR('',#4564,10.);
#1322=VECTOR('',#4567,10.);
#1323=VECTOR('',#4570,10.);
#1324=VERTEX_POINT('',#4575);
#1325=VERTEX_POINT('',#4576);
#1326=VERTEX_POINT('',#4578);
#1327=VERTEX_POINT('',#4580);
#1328=VERTEX_POINT('',#4584);
#1329=VERTEX_POINT('',#4586);
#1330=VERTEX_POINT('',#4590);
#1331=VERTEX_POINT('',#4592);
#1332=VERTEX_POINT('',#4594);
#1333=VERTEX_POINT('',#4596);
#1334=VERTEX_POINT('',#4598);
#1335=VERTEX_POINT('',#4600);
#1336=VERTEX_POINT('',#4602);
#1337=VERTEX_POINT('',#4604);
#1338=VERTEX_POINT('',#4606);
#1339=VERTEX_POINT('',#4608);
#1340=VERTEX_POINT('',#4610);
#1341=VERTEX_POINT('',#4612);
#1342=VERTEX_POINT('',#4614);
#1343=VERTEX_POINT('',#4616);
#1344=VERTEX_POINT('',#4618);
#1345=VERTEX_POINT('',#4620);
#1346=VERTEX_POINT('',#4622);
#1347=VERTEX_POINT('',#4624);
#1348=VERTEX_POINT('',#4626);
#1349=VERTEX_POINT('',#4628);
#1350=VERTEX_POINT('',#4630);
#1351=VERTEX_POINT('',#4633);
#1352=VERTEX_POINT('',#4635);
#1353=VERTEX_POINT('',#4638);
#1354=VERTEX_POINT('',#4639);
#1355=VERTEX_POINT('',#4644);
#1356=VERTEX_POINT('',#4648);
#1357=VERTEX_POINT('',#4649);
#1358=VERTEX_POINT('',#4651);
#1359=VERTEX_POINT('',#4653);
#1360=VERTEX_POINT('',#4655);
#1361=VERTEX_POINT('',#4657);
#1362=VERTEX_POINT('',#4659);
#1363=VERTEX_POINT('',#4661);
#1364=VERTEX_POINT('',#4663);
#1365=VERTEX_POINT('',#4665);
#1366=VERTEX_POINT('',#4667);
#1367=VERTEX_POINT('',#4669);
#1368=VERTEX_POINT('',#4672);
#1369=VERTEX_POINT('',#4674);
#1370=VERTEX_POINT('',#4676);
#1371=VERTEX_POINT('',#4678);
#1372=VERTEX_POINT('',#4681);
#1373=VERTEX_POINT('',#4683);
#1374=VERTEX_POINT('',#4685);
#1375=VERTEX_POINT('',#4687);
#1376=VERTEX_POINT('',#4689);
#1377=VERTEX_POINT('',#4691);
#1378=VERTEX_POINT('',#4693);
#1379=VERTEX_POINT('',#4695);
#1380=VERTEX_POINT('',#4697);
#1381=VERTEX_POINT('',#4699);
#1382=VERTEX_POINT('',#4701);
#1383=VERTEX_POINT('',#4703);
#1384=VERTEX_POINT('',#4705);
#1385=VERTEX_POINT('',#4707);
#1386=VERTEX_POINT('',#4709);
#1387=VERTEX_POINT('',#4711);
#1388=VERTEX_POINT('',#4713);
#1389=VERTEX_POINT('',#4715);
#1390=VERTEX_POINT('',#4719);
#1391=VERTEX_POINT('',#4721);
#1392=VERTEX_POINT('',#4725);
#1393=VERTEX_POINT('',#4729);
#1394=VERTEX_POINT('',#4733);
#1395=VERTEX_POINT('',#4737);
#1396=VERTEX_POINT('',#4741);
#1397=VERTEX_POINT('',#4743);
#1398=VERTEX_POINT('',#4746);
#1399=VERTEX_POINT('',#4748);
#1400=VERTEX_POINT('',#4751);
#1401=VERTEX_POINT('',#4753);
#1402=VERTEX_POINT('',#4756);
#1403=VERTEX_POINT('',#4758);
#1404=VERTEX_POINT('',#4788);
#1405=VERTEX_POINT('',#4790);
#1406=VERTEX_POINT('',#4794);
#1407=VERTEX_POINT('',#4798);
#1408=VERTEX_POINT('',#4802);
#1409=VERTEX_POINT('',#4806);
#1410=VERTEX_POINT('',#4810);
#1411=VERTEX_POINT('',#4815);
#1412=VERTEX_POINT('',#4818);
#1413=VERTEX_POINT('',#4820);
#1414=VERTEX_POINT('',#4822);
#1415=VERTEX_POINT('',#4824);
#1416=VERTEX_POINT('',#4858);
#1417=VERTEX_POINT('',#4859);
#1418=VERTEX_POINT('',#4861);
#1419=VERTEX_POINT('',#4863);
#1420=VERTEX_POINT('',#4867);
#1421=VERTEX_POINT('',#4868);
#1422=VERTEX_POINT('',#4870);
#1423=VERTEX_POINT('',#4872);
#1424=VERTEX_POINT('',#4876);
#1425=VERTEX_POINT('',#4878);
#1426=VERTEX_POINT('',#4880);
#1427=VERTEX_POINT('',#4882);
#1428=VERTEX_POINT('',#4884);
#1429=VERTEX_POINT('',#4886);
#1430=VERTEX_POINT('',#4888);
#1431=VERTEX_POINT('',#4890);
#1432=VERTEX_POINT('',#4894);
#1433=VERTEX_POINT('',#4895);
#1434=VERTEX_POINT('',#4897);
#1435=VERTEX_POINT('',#4899);
#1436=VERTEX_POINT('',#4901);
#1437=VERTEX_POINT('',#4903);
#1438=VERTEX_POINT('',#4905);
#1439=VERTEX_POINT('',#4907);
#1440=VERTEX_POINT('',#4909);
#1441=VERTEX_POINT('',#4911);
#1442=VERTEX_POINT('',#4914);
#1443=VERTEX_POINT('',#4915);
#1444=VERTEX_POINT('',#4917);
#1445=VERTEX_POINT('',#4920);
#1446=VERTEX_POINT('',#4921);
#1447=VERTEX_POINT('',#4923);
#1448=VERTEX_POINT('',#4925);
#1449=VERTEX_POINT('',#4929);
#1450=VERTEX_POINT('',#4930);
#1451=VERTEX_POINT('',#4932);
#1452=VERTEX_POINT('',#4934);
#1453=VERTEX_POINT('',#4938);
#1454=VERTEX_POINT('',#4939);
#1455=VERTEX_POINT('',#4941);
#1456=VERTEX_POINT('',#4946);
#1457=VERTEX_POINT('',#4948);
#1458=VERTEX_POINT('',#4956);
#1459=VERTEX_POINT('',#4958);
#1460=VERTEX_POINT('',#4960);
#1461=VERTEX_POINT('',#4962);
#1462=VERTEX_POINT('',#4964);
#1463=VERTEX_POINT('',#4966);
#1464=VERTEX_POINT('',#4968);
#1465=VERTEX_POINT('',#4970);
#1466=VERTEX_POINT('',#4972);
#1467=VERTEX_POINT('',#4974);
#1468=VERTEX_POINT('',#4976);
#1469=VERTEX_POINT('',#4978);
#1470=VERTEX_POINT('',#4980);
#1471=VERTEX_POINT('',#4982);
#1472=VERTEX_POINT('',#4984);
#1473=VERTEX_POINT('',#4986);
#1474=VERTEX_POINT('',#4988);
#1475=VERTEX_POINT('',#4990);
#1476=VERTEX_POINT('',#4992);
#1477=VERTEX_POINT('',#4994);
#1478=VERTEX_POINT('',#4996);
#1479=VERTEX_POINT('',#4998);
#1480=VERTEX_POINT('',#5000);
#1481=VERTEX_POINT('',#5002);
#1482=VERTEX_POINT('',#5004);
#1483=VERTEX_POINT('',#5006);
#1484=VERTEX_POINT('',#5008);
#1485=VERTEX_POINT('',#5010);
#1486=VERTEX_POINT('',#5012);
#1487=VERTEX_POINT('',#5015);
#1488=VERTEX_POINT('',#5016);
#1489=VERTEX_POINT('',#5018);
#1490=VERTEX_POINT('',#5020);
#1491=VERTEX_POINT('',#5024);
#1492=VERTEX_POINT('',#5025);
#1493=VERTEX_POINT('',#5027);
#1494=VERTEX_POINT('',#5029);
#1495=VERTEX_POINT('',#5033);
#1496=VERTEX_POINT('',#5034);
#1497=VERTEX_POINT('',#5039);
#1498=VERTEX_POINT('',#5040);
#1499=VERTEX_POINT('',#5043);
#1500=VERTEX_POINT('',#5045);
#1501=VERTEX_POINT('',#5049);
#1502=VERTEX_POINT('',#5050);
#1503=VERTEX_POINT('',#5052);
#1504=VERTEX_POINT('',#5054);
#1505=VERTEX_POINT('',#5059);
#1506=VERTEX_POINT('',#5061);
#1507=VERTEX_POINT('',#5065);
#1508=VERTEX_POINT('',#5068);
#1509=VERTEX_POINT('',#5071);
#1510=VERTEX_POINT('',#5074);
#1511=VERTEX_POINT('',#5077);
#1512=VERTEX_POINT('',#5079);
#1513=VERTEX_POINT('',#5082);
#1514=VERTEX_POINT('',#5085);
#1515=VERTEX_POINT('',#5086);
#1516=VERTEX_POINT('',#5090);
#1517=VERTEX_POINT('',#5093);
#1518=VERTEX_POINT('',#5094);
#1519=VERTEX_POINT('',#5098);
#1520=VERTEX_POINT('',#5101);
#1521=VERTEX_POINT('',#5103);
#1522=VERTEX_POINT('',#5106);
#1523=VERTEX_POINT('',#5114);
#1524=VERTEX_POINT('',#5116);
#1525=VERTEX_POINT('',#5118);
#1526=VERTEX_POINT('',#5120);
#1527=VERTEX_POINT('',#5122);
#1528=VERTEX_POINT('',#5124);
#1529=VERTEX_POINT('',#5126);
#1530=VERTEX_POINT('',#5128);
#1531=VERTEX_POINT('',#5132);
#1532=VERTEX_POINT('',#5134);
#1533=VERTEX_POINT('',#5136);
#1534=VERTEX_POINT('',#5138);
#1535=VERTEX_POINT('',#5140);
#1536=VERTEX_POINT('',#5141);
#1537=VERTEX_POINT('',#5143);
#1538=VERTEX_POINT('',#5145);
#1539=VERTEX_POINT('',#5148);
#1540=VERTEX_POINT('',#5150);
#1541=VERTEX_POINT('',#5152);
#1542=VERTEX_POINT('',#5154);
#1543=VERTEX_POINT('',#5156);
#1544=VERTEX_POINT('',#5158);
#1545=VERTEX_POINT('',#5160);
#1546=VERTEX_POINT('',#5162);
#1547=VERTEX_POINT('',#5164);
#1548=VERTEX_POINT('',#5166);
#1549=VERTEX_POINT('',#5168);
#1550=VERTEX_POINT('',#5170);
#1551=VERTEX_POINT('',#5172);
#1552=VERTEX_POINT('',#5174);
#1553=VERTEX_POINT('',#5195);
#1554=VERTEX_POINT('',#5196);
#1555=VERTEX_POINT('',#5198);
#1556=VERTEX_POINT('',#5200);
#1557=VERTEX_POINT('',#5202);
#1558=VERTEX_POINT('',#5204);
#1559=VERTEX_POINT('',#5207);
#1560=VERTEX_POINT('',#5209);
#1561=VERTEX_POINT('',#5211);
#1562=VERTEX_POINT('',#5215);
#1563=VERTEX_POINT('',#5219);
#1564=VERTEX_POINT('',#5221);
#1565=VERTEX_POINT('',#5225);
#1566=VERTEX_POINT('',#5227);
#1567=VERTEX_POINT('',#5231);
#1568=VERTEX_POINT('',#5233);
#1569=VERTEX_POINT('',#5237);
#1570=VERTEX_POINT('',#5241);
#1571=VERTEX_POINT('',#5243);
#1572=VERTEX_POINT('',#5249);
#1573=VERTEX_POINT('',#5255);
#1574=VERTEX_POINT('',#5257);
#1575=VERTEX_POINT('',#5261);
#1576=VERTEX_POINT('',#5263);
#1577=VERTEX_POINT('',#5266);
#1578=VERTEX_POINT('',#5268);
#1579=VERTEX_POINT('',#5271);
#1580=VERTEX_POINT('',#5272);
#1581=VERTEX_POINT('',#5274);
#1582=VERTEX_POINT('',#5276);
#1583=VERTEX_POINT('',#5282);
#1584=VERTEX_POINT('',#5283);
#1585=VERTEX_POINT('',#5297);
#1586=VERTEX_POINT('',#5299);
#1587=VERTEX_POINT('',#5303);
#1588=VERTEX_POINT('',#5305);
#1589=VERTEX_POINT('',#5328);
#1590=VERTEX_POINT('',#5336);
#1591=VERTEX_POINT('',#5338);
#1592=VERTEX_POINT('',#5342);
#1593=VERTEX_POINT('',#5355);
#1594=VERTEX_POINT('',#5356);
#1595=VERTEX_POINT('',#5361);
#1596=VERTEX_POINT('',#5363);
#1597=VERTEX_POINT('',#5367);
#1598=VERTEX_POINT('',#5368);
#1599=VERTEX_POINT('',#5370);
#1600=VERTEX_POINT('',#5372);
#1601=VERTEX_POINT('',#5377);
#1602=VERTEX_POINT('',#5386);
#1603=VERTEX_POINT('',#5387);
#1604=VERTEX_POINT('',#5395);
#1605=VERTEX_POINT('',#5396);
#1606=VERTEX_POINT('',#5401);
#1607=VERTEX_POINT('',#5405);
#1608=VERTEX_POINT('',#5411);
#1609=VERTEX_POINT('',#5417);
#1610=VERTEX_POINT('',#5418);
#1611=VERTEX_POINT('',#5420);
#1612=VERTEX_POINT('',#5422);
#1613=VERTEX_POINT('',#5427);
#1614=VERTEX_POINT('',#5429);
#1615=VERTEX_POINT('',#5433);
#1616=VERTEX_POINT('',#5439);
#1617=VERTEX_POINT('',#5447);
#1618=VERTEX_POINT('',#5449);
#1619=VERTEX_POINT('',#5476);
#1620=VERTEX_POINT('',#5480);
#1621=VERTEX_POINT('',#5484);
#1622=VERTEX_POINT('',#5488);
#1623=VERTEX_POINT('',#5497);
#1624=VERTEX_POINT('',#5498);
#1625=VERTEX_POINT('',#5500);
#1626=VERTEX_POINT('',#5502);
#1627=VERTEX_POINT('',#5506);
#1628=VERTEX_POINT('',#5507);
#1629=VERTEX_POINT('',#5512);
#1630=VERTEX_POINT('',#5514);
#1631=VERTEX_POINT('',#5518);
#1632=VERTEX_POINT('',#5519);
#1633=EDGE_CURVE('',#1324,#1325,#588,.T.);
#1634=EDGE_CURVE('',#1326,#1324,#589,.T.);
#1635=EDGE_CURVE('',#1327,#1326,#590,.T.);
#1636=EDGE_CURVE('',#1327,#1325,#591,.T.);
#1637=EDGE_CURVE('',#1328,#1326,#592,.T.);
#1638=EDGE_CURVE('',#1329,#1328,#593,.T.);
#1639=EDGE_CURVE('',#1327,#1329,#594,.T.);
#1640=EDGE_CURVE('',#1324,#1330,#595,.T.);
#1641=EDGE_CURVE('',#1330,#1331,#596,.T.);
#1642=EDGE_CURVE('',#1331,#1332,#597,.T.);
#1643=EDGE_CURVE('',#1333,#1332,#98,.T.);
#1644=EDGE_CURVE('',#1334,#1333,#99,.T.);
#1645=EDGE_CURVE('',#1335,#1334,#100,.T.);
#1646=EDGE_CURVE('',#1336,#1335,#101,.T.);
#1647=EDGE_CURVE('',#1337,#1336,#598,.T.);
#1648=EDGE_CURVE('',#1338,#1337,#102,.T.);
#1649=EDGE_CURVE('',#1339,#1338,#103,.T.);
#1650=EDGE_CURVE('',#1340,#1339,#599,.T.);
#1651=EDGE_CURVE('',#1341,#1340,#104,.T.);
#1652=EDGE_CURVE('',#1342,#1341,#600,.T.);
#1653=EDGE_CURVE('',#1343,#1342,#105,.T.);
#1654=EDGE_CURVE('',#1344,#1343,#601,.T.);
#1655=EDGE_CURVE('',#1345,#1344,#106,.T.);
#1656=EDGE_CURVE('',#1346,#1345,#602,.T.);
#1657=EDGE_CURVE('',#1347,#1346,#107,.T.);
#1658=EDGE_CURVE('',#1348,#1347,#108,.T.);
#1659=EDGE_CURVE('',#1349,#1348,#109,.T.);
#1660=EDGE_CURVE('',#1350,#1349,#110,.T.);
#1661=EDGE_CURVE('',#1350,#1328,#603,.T.);
#1662=EDGE_CURVE('',#1351,#1351,#111,.T.);
#1663=EDGE_CURVE('',#1352,#1352,#112,.T.);
#1664=EDGE_CURVE('',#1353,#1354,#604,.T.);
#1665=EDGE_CURVE('',#1354,#1331,#605,.T.);
#1666=EDGE_CURVE('',#1330,#1353,#606,.T.);
#1667=EDGE_CURVE('',#1355,#1354,#607,.T.);
#1668=EDGE_CURVE('',#1332,#1355,#608,.T.);
#1669=EDGE_CURVE('',#1356,#1357,#113,.T.);
#1670=EDGE_CURVE('',#1357,#1358,#609,.T.);
#1671=EDGE_CURVE('',#1358,#1359,#114,.T.);
#1672=EDGE_CURVE('',#1359,#1360,#610,.T.);
#1673=EDGE_CURVE('',#1360,#1361,#115,.T.);
#1674=EDGE_CURVE('',#1361,#1362,#611,.T.);
#1675=EDGE_CURVE('',#1362,#1363,#116,.T.);
#1676=EDGE_CURVE('',#1363,#1364,#612,.T.);
#1677=EDGE_CURVE('',#1364,#1365,#117,.T.);
#1678=EDGE_CURVE('',#1365,#1366,#613,.T.);
#1679=EDGE_CURVE('',#1366,#1367,#118,.T.);
#1680=EDGE_CURVE('',#1367,#1356,#614,.T.);
#1681=EDGE_CURVE('',#1368,#1368,#119,.T.);
#1682=EDGE_CURVE('',#1369,#1369,#120,.T.);
#1683=EDGE_CURVE('',#1370,#1370,#121,.T.);
#1684=EDGE_CURVE('',#1371,#1371,#122,.T.);
#1685=EDGE_CURVE('',#1325,#1353,#615,.T.);
#1686=EDGE_CURVE('',#1372,#1329,#616,.T.);
#1687=EDGE_CURVE('',#1372,#1373,#123,.T.);
#1688=EDGE_CURVE('',#1373,#1374,#124,.T.);
#1689=EDGE_CURVE('',#1374,#1375,#125,.T.);
#1690=EDGE_CURVE('',#1375,#1376,#126,.T.);
#1691=EDGE_CURVE('',#1376,#1377,#617,.T.);
#1692=EDGE_CURVE('',#1377,#1378,#127,.T.);
#1693=EDGE_CURVE('',#1378,#1379,#618,.T.);
#1694=EDGE_CURVE('',#1379,#1380,#128,.T.);
#1695=EDGE_CURVE('',#1380,#1381,#619,.T.);
#1696=EDGE_CURVE('',#1381,#1382,#129,.T.);
#1697=EDGE_CURVE('',#1382,#1383,#620,.T.);
#1698=EDGE_CURVE('',#1383,#1384,#130,.T.);
#1699=EDGE_CURVE('',#1384,#1385,#131,.T.);
#1700=EDGE_CURVE('',#1385,#1386,#621,.T.);
#1701=EDGE_CURVE('',#1386,#1387,#132,.T.);
#1702=EDGE_CURVE('',#1387,#1388,#133,.T.);
#1703=EDGE_CURVE('',#1388,#1389,#134,.T.);
#1704=EDGE_CURVE('',#1389,#1355,#135,.T.);
#1705=EDGE_CURVE('',#1390,#1356,#622,.T.);
#1706=EDGE_CURVE('',#1391,#1390,#136,.T.);
#1707=EDGE_CURVE('',#1357,#1391,#623,.T.);
#1708=EDGE_CURVE('',#1392,#1391,#624,.T.);
#1709=EDGE_CURVE('',#1358,#1392,#625,.T.);
#1710=EDGE_CURVE('',#1393,#1392,#137,.T.);
#1711=EDGE_CURVE('',#1359,#1393,#626,.T.);
#1712=EDGE_CURVE('',#1352,#1394,#627,.T.);
#1713=EDGE_CURVE('',#1394,#1394,#138,.T.);
#1714=EDGE_CURVE('',#1351,#1395,#628,.T.);
#1715=EDGE_CURVE('',#1395,#1395,#139,.T.);
#1716=EDGE_CURVE('',#1396,#1396,#140,.T.);
#1717=EDGE_CURVE('',#1397,#1397,#141,.T.);
#1718=EDGE_CURVE('',#1398,#1398,#142,.T.);
#1719=EDGE_CURVE('',#1399,#1399,#143,.T.);
#1720=EDGE_CURVE('',#1400,#1400,#144,.T.);
#1721=EDGE_CURVE('',#1401,#1401,#145,.T.);
#1722=EDGE_CURVE('',#1402,#1402,#146,.T.);
#1723=EDGE_CURVE('',#1403,#1403,#147,.T.);
#1724=EDGE_CURVE('',#1397,#1368,#629,.T.);
#1725=EDGE_CURVE('',#1341,#1381,#630,.T.);
#1726=EDGE_CURVE('',#1382,#1340,#631,.T.);
#1727=EDGE_CURVE('',#1380,#1342,#632,.T.);
#1728=EDGE_CURVE('',#1379,#1343,#633,.T.);
#1729=EDGE_CURVE('',#1344,#1378,#634,.T.);
#1730=EDGE_CURVE('',#1345,#1377,#635,.T.);
#1731=EDGE_CURVE('',#1376,#1346,#636,.T.);
#1732=EDGE_CURVE('',#1375,#1347,#637,.T.);
#1733=EDGE_CURVE('',#1389,#1333,#638,.T.);
#1734=EDGE_CURVE('',#1374,#1348,#639,.T.);
#1735=EDGE_CURVE('',#1373,#1349,#640,.T.);
#1736=EDGE_CURVE('',#1350,#1372,#641,.T.);
#1737=EDGE_CURVE('',#1404,#1366,#642,.T.);
#1738=EDGE_CURVE('',#1405,#1404,#148,.T.);
#1739=EDGE_CURVE('',#1367,#1405,#643,.T.);
#1740=EDGE_CURVE('',#1365,#1406,#644,.T.);
#1741=EDGE_CURVE('',#1404,#1406,#645,.T.);
#1742=EDGE_CURVE('',#1364,#1407,#646,.T.);
#1743=EDGE_CURVE('',#1406,#1407,#149,.T.);
#1744=EDGE_CURVE('',#1363,#1408,#647,.T.);
#1745=EDGE_CURVE('',#1407,#1408,#648,.T.);
#1746=EDGE_CURVE('',#1362,#1409,#649,.T.);
#1747=EDGE_CURVE('',#1408,#1409,#150,.T.);
#1748=EDGE_CURVE('',#1361,#1410,#650,.T.);
#1749=EDGE_CURVE('',#1409,#1410,#651,.T.);
#1750=EDGE_CURVE('',#1390,#1405,#652,.T.);
#1751=EDGE_CURVE('',#1410,#1411,#151,.T.);
#1752=EDGE_CURVE('',#1411,#1393,#653,.T.);
#1753=EDGE_CURVE('',#1412,#1412,#152,.T.);
#1754=EDGE_CURVE('',#1413,#1413,#153,.T.);
#1755=EDGE_CURVE('',#1414,#1414,#154,.T.);
#1756=EDGE_CURVE('',#1415,#1415,#155,.T.);
#1757=EDGE_CURVE('',#1383,#1339,#654,.T.);
#1758=EDGE_CURVE('',#1384,#1338,#655,.T.);
#1759=EDGE_CURVE('',#1337,#1385,#656,.T.);
#1760=EDGE_CURVE('',#1411,#1360,#657,.T.);
#1761=EDGE_CURVE('',#1386,#1336,#658,.T.);
#1762=EDGE_CURVE('',#1412,#1402,#659,.T.);
#1763=EDGE_CURVE('',#1415,#1398,#660,.T.);
#1764=EDGE_CURVE('',#1413,#1400,#661,.T.);
#1765=EDGE_CURVE('',#1414,#1396,#662,.T.);
#1766=EDGE_CURVE('',#1334,#1388,#663,.T.);
#1767=EDGE_CURVE('',#1403,#1369,#664,.T.);
#1768=EDGE_CURVE('',#1399,#1370,#665,.T.);
#1769=EDGE_CURVE('',#1401,#1371,#666,.T.);
#1770=EDGE_CURVE('',#1335,#1387,#667,.T.);
#1771=EDGE_CURVE('',#1416,#1417,#156,.T.);
#1772=EDGE_CURVE('',#1417,#1418,#668,.T.);
#1773=EDGE_CURVE('',#1419,#1418,#157,.F.);
#1774=EDGE_CURVE('',#1416,#1419,#669,.T.);
#1775=EDGE_CURVE('',#1420,#1421,#158,.T.);
#1776=EDGE_CURVE('',#1421,#1422,#670,.T.);
#1777=EDGE_CURVE('',#1423,#1422,#159,.F.);
#1778=EDGE_CURVE('',#1420,#1423,#671,.T.);
#1779=EDGE_CURVE('',#1420,#1424,#672,.T.);
#1780=EDGE_CURVE('',#1424,#1425,#160,.T.);
#1781=EDGE_CURVE('',#1425,#1426,#673,.T.);
#1782=EDGE_CURVE('',#1426,#1427,#161,.T.);
#1783=EDGE_CURVE('',#1427,#1428,#674,.T.);
#1784=EDGE_CURVE('',#1428,#1429,#162,.T.);
#1785=EDGE_CURVE('',#1429,#1430,#675,.T.);
#1786=EDGE_CURVE('',#1430,#1431,#163,.T.);
#1787=EDGE_CURVE('',#1431,#1419,#676,.T.);
#1788=EDGE_CURVE('',#1418,#1421,#677,.T.);
#1789=EDGE_CURVE('',#1432,#1433,#678,.T.);
#1790=EDGE_CURVE('',#1433,#1434,#679,.T.);
#1791=EDGE_CURVE('',#1434,#1435,#680,.T.);
#1792=EDGE_CURVE('',#1435,#1436,#681,.T.);
#1793=EDGE_CURVE('',#1436,#1437,#682,.T.);
#1794=EDGE_CURVE('',#1437,#1438,#683,.T.);
#1795=EDGE_CURVE('',#1438,#1439,#684,.T.);
#1796=EDGE_CURVE('',#1439,#1440,#685,.T.);
#1797=EDGE_CURVE('',#1440,#1441,#686,.T.);
#1798=EDGE_CURVE('',#1441,#1432,#687,.T.);
#1799=EDGE_CURVE('',#1442,#1443,#164,.T.);
#1800=EDGE_CURVE('',#1443,#1444,#688,.T.);
#1801=EDGE_CURVE('',#1444,#1442,#689,.T.);
#1802=EDGE_CURVE('',#1445,#1446,#690,.T.);
#1803=EDGE_CURVE('',#1446,#1447,#691,.T.);
#1804=EDGE_CURVE('',#1447,#1448,#165,.T.);
#1805=EDGE_CURVE('',#1448,#1445,#692,.T.);
#1806=EDGE_CURVE('',#1449,#1450,#693,.T.);
#1807=EDGE_CURVE('',#1449,#1451,#694,.T.);
#1808=EDGE_CURVE('',#1451,#1452,#695,.T.);
#1809=EDGE_CURVE('',#1450,#1452,#696,.T.);
#1810=EDGE_CURVE('',#1453,#1454,#697,.T.);
#1811=EDGE_CURVE('',#1454,#1455,#698,.T.);
#1812=EDGE_CURVE('',#1455,#1451,#699,.T.);
#1813=EDGE_CURVE('',#1453,#1449,#700,.T.);
#1814=EDGE_CURVE('',#1456,#1454,#701,.T.);
#1815=EDGE_CURVE('',#1456,#1457,#702,.T.);
#1816=EDGE_CURVE('',#1457,#1455,#703,.T.);
#1817=EDGE_CURVE('',#1450,#1456,#704,.T.);
#1818=EDGE_CURVE('',#1452,#1457,#705,.T.);
#1819=EDGE_CURVE('',#1454,#1458,#706,.T.);
#1820=EDGE_CURVE('',#1458,#1459,#707,.T.);
#1821=EDGE_CURVE('',#1460,#1459,#708,.T.);
#1822=EDGE_CURVE('',#1461,#1460,#709,.T.);
#1823=EDGE_CURVE('',#1462,#1461,#710,.T.);
#1824=EDGE_CURVE('',#1463,#1462,#711,.T.);
#1825=EDGE_CURVE('',#1463,#1464,#712,.T.);
#1826=EDGE_CURVE('',#1464,#1465,#713,.T.);
#1827=EDGE_CURVE('',#1465,#1466,#714,.T.);
#1828=EDGE_CURVE('',#1467,#1466,#715,.T.);
#1829=EDGE_CURVE('',#1468,#1467,#166,.T.);
#1830=EDGE_CURVE('',#1469,#1468,#716,.T.);
#1831=EDGE_CURVE('',#1470,#1469,#167,.T.);
#1832=EDGE_CURVE('',#1471,#1470,#717,.T.);
#1833=EDGE_CURVE('',#1472,#1471,#718,.T.);
#1834=EDGE_CURVE('',#1472,#1473,#719,.T.);
#1835=EDGE_CURVE('',#1473,#1474,#720,.T.);
#1836=EDGE_CURVE('',#1475,#1474,#721,.T.);
#1837=EDGE_CURVE('',#1476,#1475,#722,.T.);
#1838=EDGE_CURVE('',#1476,#1477,#723,.T.);
#1839=EDGE_CURVE('',#1477,#1478,#724,.T.);
#1840=EDGE_CURVE('',#1479,#1478,#725,.T.);
#1841=EDGE_CURVE('',#1480,#1479,#168,.T.);
#1842=EDGE_CURVE('',#1481,#1480,#726,.T.);
#1843=EDGE_CURVE('',#1482,#1481,#169,.T.);
#1844=EDGE_CURVE('',#1483,#1482,#727,.T.);
#1845=EDGE_CURVE('',#1484,#1483,#728,.T.);
#1846=EDGE_CURVE('',#1485,#1484,#729,.T.);
#1847=EDGE_CURVE('',#1486,#1485,#730,.T.);
#1848=EDGE_CURVE('',#1486,#1453,#731,.T.);
#1849=EDGE_CURVE('',#1487,#1488,#732,.T.);
#1850=EDGE_CURVE('',#1487,#1489,#733,.T.);
#1851=EDGE_CURVE('',#1490,#1489,#734,.T.);
#1852=EDGE_CURVE('',#1488,#1490,#735,.T.);
#1853=EDGE_CURVE('',#1491,#1492,#170,.T.);
#1854=EDGE_CURVE('',#1493,#1492,#736,.T.);
#1855=EDGE_CURVE('',#1493,#1494,#171,.T.);
#1856=EDGE_CURVE('',#1494,#1491,#737,.T.);
#1857=EDGE_CURVE('',#1495,#1496,#738,.T.);
#1858=EDGE_CURVE('',#1496,#1477,#739,.T.);
#1859=EDGE_CURVE('',#1476,#1495,#740,.T.);
#1860=EDGE_CURVE('',#1497,#1498,#741,.T.);
#1861=EDGE_CURVE('',#1498,#1433,#742,.T.);
#1862=EDGE_CURVE('',#1499,#1432,#743,.T.);
#1863=EDGE_CURVE('',#1500,#1499,#744,.T.);
#1864=EDGE_CURVE('',#1500,#1497,#745,.T.);
#1865=EDGE_CURVE('',#1501,#1502,#746,.T.);
#1866=EDGE_CURVE('',#1502,#1503,#747,.T.);
#1867=EDGE_CURVE('',#1503,#1504,#748,.T.);
#1868=EDGE_CURVE('',#1441,#1504,#749,.T.);
#1869=EDGE_CURVE('',#1501,#1440,#750,.T.);
#1870=EDGE_CURVE('',#1472,#1505,#751,.T.);
#1871=EDGE_CURVE('',#1505,#1506,#752,.T.);
#1872=EDGE_CURVE('',#1506,#1473,#753,.T.);
#1873=EDGE_CURVE('',#1507,#1507,#172,.T.);
#1874=EDGE_CURVE('',#1508,#1508,#173,.T.);
#1875=EDGE_CURVE('',#1509,#1509,#174,.T.);
#1876=EDGE_CURVE('',#1510,#1510,#175,.T.);
#1877=EDGE_CURVE('',#1511,#1495,#754,.T.);
#1878=EDGE_CURVE('',#1512,#1511,#755,.T.);
#1879=EDGE_CURVE('',#1512,#1496,#756,.T.);
#1880=EDGE_CURVE('',#1513,#1513,#176,.T.);
#1881=EDGE_CURVE('',#1514,#1515,#757,.T.);
#1882=EDGE_CURVE('',#1514,#1506,#758,.T.);
#1883=EDGE_CURVE('',#1515,#1505,#759,.T.);
#1884=EDGE_CURVE('',#1516,#1516,#177,.T.);
#1885=EDGE_CURVE('',#1517,#1518,#760,.T.);
#1886=EDGE_CURVE('',#1517,#1502,#761,.T.);
#1887=EDGE_CURVE('',#1518,#1501,#762,.T.);
#1888=EDGE_CURVE('',#1519,#1519,#178,.T.);
#1889=EDGE_CURVE('',#1520,#1497,#763,.T.);
#1890=EDGE_CURVE('',#1521,#1520,#764,.T.);
#1891=EDGE_CURVE('',#1498,#1521,#765,.T.);
#1892=EDGE_CURVE('',#1522,#1522,#179,.T.);
#1893=EDGE_CURVE('',#1446,#1471,#766,.T.);
#1894=EDGE_CURVE('',#1515,#1445,#767,.T.);
#1895=EDGE_CURVE('',#1518,#1439,#768,.T.);
#1896=EDGE_CURVE('',#1523,#1416,#769,.T.);
#1897=EDGE_CURVE('',#1523,#1524,#180,.T.);
#1898=EDGE_CURVE('',#1524,#1525,#770,.T.);
#1899=EDGE_CURVE('',#1526,#1525,#181,.T.);
#1900=EDGE_CURVE('',#1526,#1527,#771,.T.);
#1901=EDGE_CURVE('',#1528,#1527,#182,.T.);
#1902=EDGE_CURVE('',#1528,#1529,#772,.T.);
#1903=EDGE_CURVE('',#1529,#1530,#183,.T.);
#1904=EDGE_CURVE('',#1423,#1530,#773,.T.);
#1905=EDGE_CURVE('',#1417,#1422,#774,.T.);
#1906=EDGE_CURVE('',#1531,#1531,#184,.T.);
#1907=EDGE_CURVE('',#1532,#1532,#185,.T.);
#1908=EDGE_CURVE('',#1533,#1533,#186,.T.);
#1909=EDGE_CURVE('',#1534,#1534,#187,.T.);
#1910=EDGE_CURVE('',#1535,#1536,#188,.T.);
#1911=EDGE_CURVE('',#1537,#1535,#775,.T.);
#1912=EDGE_CURVE('',#1538,#1537,#189,.T.);
#1913=EDGE_CURVE('',#1494,#1538,#776,.T.);
#1914=EDGE_CURVE('',#1539,#1493,#777,.T.);
#1915=EDGE_CURVE('',#1540,#1539,#190,.T.);
#1916=EDGE_CURVE('',#1540,#1541,#778,.T.);
#1917=EDGE_CURVE('',#1542,#1541,#191,.T.);
#1918=EDGE_CURVE('',#1543,#1542,#779,.T.);
#1919=EDGE_CURVE('',#1544,#1543,#192,.T.);
#1920=EDGE_CURVE('',#1545,#1544,#780,.T.);
#1921=EDGE_CURVE('',#1546,#1545,#781,.T.);
#1922=EDGE_CURVE('',#1546,#1547,#782,.T.);
#1923=EDGE_CURVE('',#1547,#1548,#783,.T.);
#1924=EDGE_CURVE('',#1549,#1548,#784,.T.);
#1925=EDGE_CURVE('',#1549,#1550,#785,.T.);
#1926=EDGE_CURVE('',#1551,#1550,#786,.T.);
#1927=EDGE_CURVE('',#1552,#1551,#787,.T.);
#1928=EDGE_CURVE('',#1536,#1552,#788,.T.);
#1929=EDGE_CURVE('',#1426,#1528,#789,.T.);
#1930=EDGE_CURVE('',#1527,#1427,#790,.T.);
#1931=EDGE_CURVE('',#1428,#1526,#791,.T.);
#1932=EDGE_CURVE('',#1525,#1429,#792,.T.);
#1933=EDGE_CURVE('',#1524,#1430,#793,.T.);
#1934=EDGE_CURVE('',#1431,#1523,#794,.T.);
#1935=EDGE_CURVE('',#1530,#1424,#795,.T.);
#1936=EDGE_CURVE('',#1529,#1425,#796,.T.);
#1937=EDGE_CURVE('',#1553,#1554,#797,.T.);
#1938=EDGE_CURVE('',#1555,#1553,#798,.T.);
#1939=EDGE_CURVE('',#1556,#1555,#799,.T.);
#1940=EDGE_CURVE('',#1557,#1556,#800,.T.);
#1941=EDGE_CURVE('',#1558,#1557,#801,.T.);
#1942=EDGE_CURVE('',#1453,#1558,#802,.T.);
#1943=EDGE_CURVE('',#1559,#1486,#803,.T.);
#1944=EDGE_CURVE('',#1560,#1559,#804,.T.);
#1945=EDGE_CURVE('',#1561,#1560,#805,.T.);
#1946=EDGE_CURVE('',#1554,#1561,#806,.T.);
#1947=EDGE_CURVE('',#1558,#1562,#807,.T.);
#1948=EDGE_CURVE('',#1562,#1458,#808,.T.);
#1949=EDGE_CURVE('',#1563,#1557,#809,.T.);
#1950=EDGE_CURVE('',#1563,#1564,#810,.T.);
#1951=EDGE_CURVE('',#1562,#1564,#811,.T.);
#1952=EDGE_CURVE('',#1565,#1556,#812,.T.);
#1953=EDGE_CURVE('',#1566,#1565,#813,.T.);
#1954=EDGE_CURVE('',#1563,#1566,#814,.T.);
#1955=EDGE_CURVE('',#1567,#1555,#815,.T.);
#1956=EDGE_CURVE('',#1568,#1567,#816,.T.);
#1957=EDGE_CURVE('',#1568,#1565,#817,.T.);
#1958=EDGE_CURVE('',#1569,#1553,#818,.T.);
#1959=EDGE_CURVE('',#1567,#1569,#819,.T.);
#1960=EDGE_CURVE('',#1561,#1570,#820,.T.);
#1961=EDGE_CURVE('',#1570,#1571,#821,.T.);
#1962=EDGE_CURVE('',#1554,#1571,#822,.T.);
#1963=EDGE_CURVE('',#1568,#1566,#823,.T.);
#1964=EDGE_CURVE('',#1572,#1560,#824,.T.);
#1965=EDGE_CURVE('',#1572,#1570,#825,.T.);
#1966=EDGE_CURVE('',#1571,#1572,#826,.T.);
#1967=EDGE_CURVE('',#1573,#1559,#827,.T.);
#1968=EDGE_CURVE('',#1573,#1574,#828,.T.);
#1969=EDGE_CURVE('',#1574,#1569,#829,.T.);
#1970=EDGE_CURVE('',#1566,#1575,#830,.T.);
#1971=EDGE_CURVE('',#1575,#1576,#831,.T.);
#1972=EDGE_CURVE('',#1576,#1461,#832,.T.);
#1973=EDGE_CURVE('',#1460,#1577,#833,.T.);
#1974=EDGE_CURVE('',#1578,#1577,#834,.T.);
#1975=EDGE_CURVE('',#1578,#1563,#835,.T.);
#1976=EDGE_CURVE('',#1579,#1580,#836,.T.);
#1977=EDGE_CURVE('',#1580,#1581,#837,.T.);
#1978=EDGE_CURVE('',#1581,#1582,#838,.T.);
#1979=EDGE_CURVE('',#1582,#1579,#839,.T.);
#1980=EDGE_CURVE('',#1569,#1568,#840,.T.);
#1981=EDGE_CURVE('',#1583,#1584,#841,.T.);
#1982=EDGE_CURVE('',#1583,#1578,#842,.T.);
#1983=EDGE_CURVE('',#1577,#1584,#843,.T.);
#1984=EDGE_CURVE('',#1564,#1583,#844,.T.);
#1985=EDGE_CURVE('',#1459,#1584,#845,.T.);
#1986=EDGE_CURVE('',#1573,#1485,#846,.T.);
#1987=EDGE_CURVE('',#1535,#1481,#847,.T.);
#1988=EDGE_CURVE('',#1536,#1482,#848,.T.);
#1989=EDGE_CURVE('',#1490,#1585,#849,.T.);
#1990=EDGE_CURVE('',#1585,#1586,#850,.T.);
#1991=EDGE_CURVE('',#1586,#1488,#851,.T.);
#1992=EDGE_CURVE('',#1587,#1585,#852,.T.);
#1993=EDGE_CURVE('',#1588,#1587,#853,.T.);
#1994=EDGE_CURVE('',#1586,#1588,#854,.T.);
#1995=EDGE_CURVE('',#1508,#1522,#855,.T.);
#1996=EDGE_CURVE('',#1507,#1516,#856,.T.);
#1997=EDGE_CURVE('',#1510,#1519,#857,.T.);
#1998=EDGE_CURVE('',#1509,#1513,#858,.T.);
#1999=EDGE_CURVE('',#1474,#1437,#859,.T.);
#2000=EDGE_CURVE('',#1475,#1436,#860,.T.);
#2001=EDGE_CURVE('',#1542,#1469,#861,.T.);
#2002=EDGE_CURVE('',#1543,#1468,#862,.T.);
#2003=EDGE_CURVE('',#1544,#1467,#863,.T.);
#2004=EDGE_CURVE('',#1545,#1466,#864,.T.);
#2005=EDGE_CURVE('',#1447,#1470,#865,.T.);
#2006=EDGE_CURVE('',#1589,#1517,#866,.T.);
#2007=EDGE_CURVE('',#1589,#1503,#867,.T.);
#2008=EDGE_CURVE('',#1438,#1514,#868,.T.);
#2009=EDGE_CURVE('',#1448,#1541,#869,.T.);
#2010=EDGE_CURVE('',#1590,#1589,#870,.T.);
#2011=EDGE_CURVE('',#1591,#1590,#193,.T.);
#2012=EDGE_CURVE('',#1504,#1591,#871,.T.);
#2013=EDGE_CURVE('',#1500,#1592,#872,.T.);
#2014=EDGE_CURVE('',#1492,#1499,#873,.T.);
#2015=EDGE_CURVE('',#1592,#1491,#874,.T.);
#2016=EDGE_CURVE('',#1538,#1479,#875,.T.);
#2017=EDGE_CURVE('',#1478,#1512,#876,.T.);
#2018=EDGE_CURVE('',#1511,#1435,#877,.T.);
#2019=EDGE_CURVE('',#1434,#1521,#878,.T.);
#2020=EDGE_CURVE('',#1520,#1592,#879,.T.);
#2021=EDGE_CURVE('',#1593,#1594,#880,.T.);
#2022=EDGE_CURVE('',#1594,#1444,#881,.T.);
#2023=EDGE_CURVE('',#1593,#1443,#882,.T.);
#2024=EDGE_CURVE('',#1595,#1550,#883,.T.);
#2025=EDGE_CURVE('',#1595,#1596,#884,.T.);
#2026=EDGE_CURVE('',#1551,#1596,#885,.T.);
#2027=EDGE_CURVE('',#1597,#1598,#886,.T.);
#2028=EDGE_CURVE('',#1598,#1599,#887,.T.);
#2029=EDGE_CURVE('',#1599,#1600,#888,.T.);
#2030=EDGE_CURVE('',#1600,#1597,#889,.T.);
#2031=EDGE_CURVE('',#1596,#1573,#890,.T.);
#2032=EDGE_CURVE('',#1601,#1595,#891,.T.);
#2033=EDGE_CURVE('',#1601,#1574,#892,.T.);
#2034=EDGE_CURVE('',#1599,#1580,#893,.T.);
#2035=EDGE_CURVE('',#1600,#1579,#894,.T.);
#2036=EDGE_CURVE('',#1598,#1581,#895,.T.);
#2037=EDGE_CURVE('',#1602,#1603,#896,.T.);
#2038=EDGE_CURVE('',#1603,#1576,#897,.T.);
#2039=EDGE_CURVE('',#1602,#1575,#898,.T.);
#2040=EDGE_CURVE('',#1597,#1582,#899,.T.);
#2041=EDGE_CURVE('',#1604,#1605,#900,.T.);
#2042=EDGE_CURVE('',#1605,#1603,#901,.T.);
#2043=EDGE_CURVE('',#1602,#1604,#902,.T.);
#2044=EDGE_CURVE('',#1606,#1604,#903,.T.);
#2045=EDGE_CURVE('',#1606,#1601,#904,.T.);
#2046=EDGE_CURVE('',#1607,#1593,#194,.T.);
#2047=EDGE_CURVE('',#1442,#1607,#905,.T.);
#2048=EDGE_CURVE('',#1594,#1607,#906,.T.);
#2049=EDGE_CURVE('',#1608,#1606,#907,.T.);
#2050=EDGE_CURVE('',#1595,#1608,#908,.T.);
#2051=EDGE_CURVE('',#1549,#1608,#909,.T.);
#2052=EDGE_CURVE('',#1609,#1610,#910,.T.);
#2053=EDGE_CURVE('',#1610,#1611,#911,.T.);
#2054=EDGE_CURVE('',#1612,#1611,#912,.T.);
#2055=EDGE_CURVE('',#1609,#1612,#913,.T.);
#2056=EDGE_CURVE('',#1547,#1612,#914,.T.);
#2057=EDGE_CURVE('',#1611,#1613,#915,.T.);
#2058=EDGE_CURVE('',#1613,#1614,#916,.T.);
#2059=EDGE_CURVE('',#1548,#1614,#917,.T.);
#2060=EDGE_CURVE('',#1615,#1613,#918,.T.);
#2061=EDGE_CURVE('',#1610,#1615,#919,.T.);
#2062=EDGE_CURVE('',#1609,#1546,#920,.T.);
#2063=EDGE_CURVE('',#1616,#1463,#921,.T.);
#2064=EDGE_CURVE('',#1464,#1616,#922,.T.);
#2065=EDGE_CURVE('',#1465,#1615,#923,.T.);
#2066=EDGE_CURVE('',#1614,#1616,#924,.T.);
#2067=EDGE_CURVE('',#1489,#1617,#925,.T.);
#2068=EDGE_CURVE('',#1618,#1487,#926,.T.);
#2069=EDGE_CURVE('',#1617,#1618,#927,.T.);
#2070=EDGE_CURVE('',#1603,#1462,#928,.T.);
#2071=EDGE_CURVE('',#1551,#1484,#929,.T.);
#2072=EDGE_CURVE('',#1605,#1616,#930,.T.);
#2073=EDGE_CURVE('',#1552,#1483,#931,.T.);
#2074=EDGE_CURVE('',#1537,#1480,#932,.T.);
#2075=EDGE_CURVE('',#1540,#1590,#933,.T.);
#2076=EDGE_CURVE('',#1539,#1591,#934,.T.);
#2077=EDGE_CURVE('',#1531,#1619,#935,.T.);
#2078=EDGE_CURVE('',#1619,#1619,#195,.T.);
#2079=EDGE_CURVE('',#1532,#1620,#936,.T.);
#2080=EDGE_CURVE('',#1620,#1620,#196,.T.);
#2081=EDGE_CURVE('',#1533,#1621,#937,.T.);
#2082=EDGE_CURVE('',#1621,#1621,#197,.T.);
#2083=EDGE_CURVE('',#1534,#1622,#938,.T.);
#2084=EDGE_CURVE('',#1622,#1622,#198,.T.);
#2085=EDGE_CURVE('',#1623,#1624,#939,.T.);
#2086=EDGE_CURVE('',#1624,#1625,#940,.T.);
#2087=EDGE_CURVE('',#1625,#1626,#941,.T.);
#2088=EDGE_CURVE('',#1626,#1623,#942,.T.);
#2089=EDGE_CURVE('',#1627,#1628,#943,.T.);
#2090=EDGE_CURVE('',#1617,#1627,#944,.T.);
#2091=EDGE_CURVE('',#1628,#1618,#945,.T.);
#2092=EDGE_CURVE('',#1628,#1629,#946,.T.);
#2093=EDGE_CURVE('',#1629,#1630,#947,.T.);
#2094=EDGE_CURVE('',#1630,#1627,#948,.T.);
#2095=EDGE_CURVE('',#1631,#1632,#949,.T.);
#2096=EDGE_CURVE('',#1630,#1631,#950,.T.);
#2097=EDGE_CURVE('',#1632,#1629,#951,.T.);
#2098=EDGE_CURVE('',#1626,#1632,#952,.T.);
#2099=EDGE_CURVE('',#1625,#1631,#953,.T.);
#2100=EDGE_CURVE('',#1588,#1623,#954,.T.);
#2101=EDGE_CURVE('',#1624,#1587,#955,.T.);
#2102=ORIENTED_EDGE('',*,*,#1633,.F.);
#2103=ORIENTED_EDGE('',*,*,#1634,.F.);
#2104=ORIENTED_EDGE('',*,*,#1635,.F.);
#2105=ORIENTED_EDGE('',*,*,#1636,.T.);
#2106=ORIENTED_EDGE('',*,*,#1635,.T.);
#2107=ORIENTED_EDGE('',*,*,#1637,.F.);
#2108=ORIENTED_EDGE('',*,*,#1638,.F.);
#2109=ORIENTED_EDGE('',*,*,#1639,.F.);
#2110=ORIENTED_EDGE('',*,*,#1634,.T.);
#2111=ORIENTED_EDGE('',*,*,#1640,.T.);
#2112=ORIENTED_EDGE('',*,*,#1641,.T.);
#2113=ORIENTED_EDGE('',*,*,#1642,.T.);
#2114=ORIENTED_EDGE('',*,*,#1643,.F.);
#2115=ORIENTED_EDGE('',*,*,#1644,.F.);
#2116=ORIENTED_EDGE('',*,*,#1645,.F.);
#2117=ORIENTED_EDGE('',*,*,#1646,.F.);
#2118=ORIENTED_EDGE('',*,*,#1647,.F.);
#2119=ORIENTED_EDGE('',*,*,#1648,.F.);
#2120=ORIENTED_EDGE('',*,*,#1649,.F.);
#2121=ORIENTED_EDGE('',*,*,#1650,.F.);
#2122=ORIENTED_EDGE('',*,*,#1651,.F.);
#2123=ORIENTED_EDGE('',*,*,#1652,.F.);
#2124=ORIENTED_EDGE('',*,*,#1653,.F.);
#2125=ORIENTED_EDGE('',*,*,#1654,.F.);
#2126=ORIENTED_EDGE('',*,*,#1655,.F.);
#2127=ORIENTED_EDGE('',*,*,#1656,.F.);
#2128=ORIENTED_EDGE('',*,*,#1657,.F.);
#2129=ORIENTED_EDGE('',*,*,#1658,.F.);
#2130=ORIENTED_EDGE('',*,*,#1659,.F.);
#2131=ORIENTED_EDGE('',*,*,#1660,.F.);
#2132=ORIENTED_EDGE('',*,*,#1661,.T.);
#2133=ORIENTED_EDGE('',*,*,#1637,.T.);
#2134=ORIENTED_EDGE('',*,*,#1662,.T.);
#2135=ORIENTED_EDGE('',*,*,#1663,.T.);
#2136=ORIENTED_EDGE('',*,*,#1664,.T.);
#2137=ORIENTED_EDGE('',*,*,#1665,.T.);
#2138=ORIENTED_EDGE('',*,*,#1641,.F.);
#2139=ORIENTED_EDGE('',*,*,#1666,.T.);
#2140=ORIENTED_EDGE('',*,*,#1667,.F.);
#2141=ORIENTED_EDGE('',*,*,#1668,.F.);
#2142=ORIENTED_EDGE('',*,*,#1642,.F.);
#2143=ORIENTED_EDGE('',*,*,#1665,.F.);
#2144=ORIENTED_EDGE('',*,*,#1669,.T.);
#2145=ORIENTED_EDGE('',*,*,#1670,.T.);
#2146=ORIENTED_EDGE('',*,*,#1671,.T.);
#2147=ORIENTED_EDGE('',*,*,#1672,.T.);
#2148=ORIENTED_EDGE('',*,*,#1673,.T.);
#2149=ORIENTED_EDGE('',*,*,#1674,.T.);
#2150=ORIENTED_EDGE('',*,*,#1675,.T.);
#2151=ORIENTED_EDGE('',*,*,#1676,.T.);
#2152=ORIENTED_EDGE('',*,*,#1677,.T.);
#2153=ORIENTED_EDGE('',*,*,#1678,.T.);
#2154=ORIENTED_EDGE('',*,*,#1679,.T.);
#2155=ORIENTED_EDGE('',*,*,#1680,.T.);
#2156=ORIENTED_EDGE('',*,*,#1681,.T.);
#2157=ORIENTED_EDGE('',*,*,#1682,.T.);
#2158=ORIENTED_EDGE('',*,*,#1683,.T.);
#2159=ORIENTED_EDGE('',*,*,#1684,.T.);
#2160=ORIENTED_EDGE('',*,*,#1667,.T.);
#2161=ORIENTED_EDGE('',*,*,#1664,.F.);
#2162=ORIENTED_EDGE('',*,*,#1685,.F.);
#2163=ORIENTED_EDGE('',*,*,#1636,.F.);
#2164=ORIENTED_EDGE('',*,*,#1639,.T.);
#2165=ORIENTED_EDGE('',*,*,#1686,.F.);
#2166=ORIENTED_EDGE('',*,*,#1687,.T.);
#2167=ORIENTED_EDGE('',*,*,#1688,.T.);
#2168=ORIENTED_EDGE('',*,*,#1689,.T.);
#2169=ORIENTED_EDGE('',*,*,#1690,.T.);
#2170=ORIENTED_EDGE('',*,*,#1691,.T.);
#2171=ORIENTED_EDGE('',*,*,#1692,.T.);
#2172=ORIENTED_EDGE('',*,*,#1693,.T.);
#2173=ORIENTED_EDGE('',*,*,#1694,.T.);
#2174=ORIENTED_EDGE('',*,*,#1695,.T.);
#2175=ORIENTED_EDGE('',*,*,#1696,.T.);
#2176=ORIENTED_EDGE('',*,*,#1697,.T.);
#2177=ORIENTED_EDGE('',*,*,#1698,.T.);
#2178=ORIENTED_EDGE('',*,*,#1699,.T.);
#2179=ORIENTED_EDGE('',*,*,#1700,.T.);
#2180=ORIENTED_EDGE('',*,*,#1701,.T.);
#2181=ORIENTED_EDGE('',*,*,#1702,.T.);
#2182=ORIENTED_EDGE('',*,*,#1703,.T.);
#2183=ORIENTED_EDGE('',*,*,#1704,.T.);
#2184=ORIENTED_EDGE('',*,*,#1669,.F.);
#2185=ORIENTED_EDGE('',*,*,#1705,.F.);
#2186=ORIENTED_EDGE('',*,*,#1706,.F.);
#2187=ORIENTED_EDGE('',*,*,#1707,.F.);
#2188=ORIENTED_EDGE('',*,*,#1670,.F.);
#2189=ORIENTED_EDGE('',*,*,#1707,.T.);
#2190=ORIENTED_EDGE('',*,*,#1708,.F.);
#2191=ORIENTED_EDGE('',*,*,#1709,.F.);
#2192=ORIENTED_EDGE('',*,*,#1671,.F.);
#2193=ORIENTED_EDGE('',*,*,#1709,.T.);
#2194=ORIENTED_EDGE('',*,*,#1710,.F.);
#2195=ORIENTED_EDGE('',*,*,#1711,.F.);
#2196=ORIENTED_EDGE('',*,*,#1663,.F.);
#2197=ORIENTED_EDGE('',*,*,#1712,.T.);
#2198=ORIENTED_EDGE('',*,*,#1713,.F.);
#2199=ORIENTED_EDGE('',*,*,#1712,.F.);
#2200=ORIENTED_EDGE('',*,*,#1662,.F.);
#2201=ORIENTED_EDGE('',*,*,#1714,.T.);
#2202=ORIENTED_EDGE('',*,*,#1715,.F.);
#2203=ORIENTED_EDGE('',*,*,#1714,.F.);
#2204=ORIENTED_EDGE('',*,*,#1716,.F.);
#2205=ORIENTED_EDGE('',*,*,#1717,.F.);
#2206=ORIENTED_EDGE('',*,*,#1718,.F.);
#2207=ORIENTED_EDGE('',*,*,#1719,.F.);
#2208=ORIENTED_EDGE('',*,*,#1720,.F.);
#2209=ORIENTED_EDGE('',*,*,#1721,.F.);
#2210=ORIENTED_EDGE('',*,*,#1722,.F.);
#2211=ORIENTED_EDGE('',*,*,#1723,.F.);
#2212=ORIENTED_EDGE('',*,*,#1717,.T.);
#2213=ORIENTED_EDGE('',*,*,#1724,.T.);
#2214=ORIENTED_EDGE('',*,*,#1681,.F.);
#2215=ORIENTED_EDGE('',*,*,#1724,.F.);
#2216=ORIENTED_EDGE('',*,*,#1633,.T.);
#2217=ORIENTED_EDGE('',*,*,#1685,.T.);
#2218=ORIENTED_EDGE('',*,*,#1666,.F.);
#2219=ORIENTED_EDGE('',*,*,#1640,.F.);
#2220=ORIENTED_EDGE('',*,*,#1725,.F.);
#2221=ORIENTED_EDGE('',*,*,#1651,.T.);
#2222=ORIENTED_EDGE('',*,*,#1726,.F.);
#2223=ORIENTED_EDGE('',*,*,#1696,.F.);
#2224=ORIENTED_EDGE('',*,*,#1727,.T.);
#2225=ORIENTED_EDGE('',*,*,#1652,.T.);
#2226=ORIENTED_EDGE('',*,*,#1725,.T.);
#2227=ORIENTED_EDGE('',*,*,#1695,.F.);
#2228=ORIENTED_EDGE('',*,*,#1728,.T.);
#2229=ORIENTED_EDGE('',*,*,#1653,.T.);
#2230=ORIENTED_EDGE('',*,*,#1727,.F.);
#2231=ORIENTED_EDGE('',*,*,#1694,.F.);
#2232=ORIENTED_EDGE('',*,*,#1729,.F.);
#2233=ORIENTED_EDGE('',*,*,#1654,.T.);
#2234=ORIENTED_EDGE('',*,*,#1728,.F.);
#2235=ORIENTED_EDGE('',*,*,#1693,.F.);
#2236=ORIENTED_EDGE('',*,*,#1730,.F.);
#2237=ORIENTED_EDGE('',*,*,#1655,.T.);
#2238=ORIENTED_EDGE('',*,*,#1729,.T.);
#2239=ORIENTED_EDGE('',*,*,#1692,.F.);
#2240=ORIENTED_EDGE('',*,*,#1731,.T.);
#2241=ORIENTED_EDGE('',*,*,#1656,.T.);
#2242=ORIENTED_EDGE('',*,*,#1730,.T.);
#2243=ORIENTED_EDGE('',*,*,#1691,.F.);
#2244=ORIENTED_EDGE('',*,*,#1732,.T.);
#2245=ORIENTED_EDGE('',*,*,#1657,.T.);
#2246=ORIENTED_EDGE('',*,*,#1731,.F.);
#2247=ORIENTED_EDGE('',*,*,#1690,.F.);
#2248=ORIENTED_EDGE('',*,*,#1668,.T.);
#2249=ORIENTED_EDGE('',*,*,#1704,.F.);
#2250=ORIENTED_EDGE('',*,*,#1733,.T.);
#2251=ORIENTED_EDGE('',*,*,#1643,.T.);
#2252=ORIENTED_EDGE('',*,*,#1734,.T.);
#2253=ORIENTED_EDGE('',*,*,#1658,.T.);
#2254=ORIENTED_EDGE('',*,*,#1732,.F.);
#2255=ORIENTED_EDGE('',*,*,#1689,.F.);
#2256=ORIENTED_EDGE('',*,*,#1735,.T.);
#2257=ORIENTED_EDGE('',*,*,#1659,.T.);
#2258=ORIENTED_EDGE('',*,*,#1734,.F.);
#2259=ORIENTED_EDGE('',*,*,#1688,.F.);
#2260=ORIENTED_EDGE('',*,*,#1736,.F.);
#2261=ORIENTED_EDGE('',*,*,#1660,.T.);
#2262=ORIENTED_EDGE('',*,*,#1735,.F.);
#2263=ORIENTED_EDGE('',*,*,#1687,.F.);
#2264=ORIENTED_EDGE('',*,*,#1661,.F.);
#2265=ORIENTED_EDGE('',*,*,#1736,.T.);
#2266=ORIENTED_EDGE('',*,*,#1686,.T.);
#2267=ORIENTED_EDGE('',*,*,#1638,.T.);
#2268=ORIENTED_EDGE('',*,*,#1737,.F.);
#2269=ORIENTED_EDGE('',*,*,#1738,.F.);
#2270=ORIENTED_EDGE('',*,*,#1739,.F.);
#2271=ORIENTED_EDGE('',*,*,#1679,.F.);
#2272=ORIENTED_EDGE('',*,*,#1740,.T.);
#2273=ORIENTED_EDGE('',*,*,#1741,.F.);
#2274=ORIENTED_EDGE('',*,*,#1737,.T.);
#2275=ORIENTED_EDGE('',*,*,#1678,.F.);
#2276=ORIENTED_EDGE('',*,*,#1742,.T.);
#2277=ORIENTED_EDGE('',*,*,#1743,.F.);
#2278=ORIENTED_EDGE('',*,*,#1740,.F.);
#2279=ORIENTED_EDGE('',*,*,#1677,.F.);
#2280=ORIENTED_EDGE('',*,*,#1744,.T.);
#2281=ORIENTED_EDGE('',*,*,#1745,.F.);
#2282=ORIENTED_EDGE('',*,*,#1742,.F.);
#2283=ORIENTED_EDGE('',*,*,#1676,.F.);
#2284=ORIENTED_EDGE('',*,*,#1746,.T.);
#2285=ORIENTED_EDGE('',*,*,#1747,.F.);
#2286=ORIENTED_EDGE('',*,*,#1744,.F.);
#2287=ORIENTED_EDGE('',*,*,#1675,.F.);
#2288=ORIENTED_EDGE('',*,*,#1748,.T.);
#2289=ORIENTED_EDGE('',*,*,#1749,.F.);
#2290=ORIENTED_EDGE('',*,*,#1746,.F.);
#2291=ORIENTED_EDGE('',*,*,#1674,.F.);
#2292=ORIENTED_EDGE('',*,*,#1706,.T.);
#2293=ORIENTED_EDGE('',*,*,#1750,.T.);
#2294=ORIENTED_EDGE('',*,*,#1738,.T.);
#2295=ORIENTED_EDGE('',*,*,#1741,.T.);
#2296=ORIENTED_EDGE('',*,*,#1743,.T.);
#2297=ORIENTED_EDGE('',*,*,#1745,.T.);
#2298=ORIENTED_EDGE('',*,*,#1747,.T.);
#2299=ORIENTED_EDGE('',*,*,#1749,.T.);
#2300=ORIENTED_EDGE('',*,*,#1751,.T.);
#2301=ORIENTED_EDGE('',*,*,#1752,.T.);
#2302=ORIENTED_EDGE('',*,*,#1710,.T.);
#2303=ORIENTED_EDGE('',*,*,#1708,.T.);
#2304=ORIENTED_EDGE('',*,*,#1713,.T.);
#2305=ORIENTED_EDGE('',*,*,#1715,.T.);
#2306=ORIENTED_EDGE('',*,*,#1753,.T.);
#2307=ORIENTED_EDGE('',*,*,#1754,.T.);
#2308=ORIENTED_EDGE('',*,*,#1755,.T.);
#2309=ORIENTED_EDGE('',*,*,#1756,.T.);
#2310=ORIENTED_EDGE('',*,*,#1757,.T.);
#2311=ORIENTED_EDGE('',*,*,#1649,.T.);
#2312=ORIENTED_EDGE('',*,*,#1758,.F.);
#2313=ORIENTED_EDGE('',*,*,#1698,.F.);
#2314=ORIENTED_EDGE('',*,*,#1758,.T.);
#2315=ORIENTED_EDGE('',*,*,#1648,.T.);
#2316=ORIENTED_EDGE('',*,*,#1759,.T.);
#2317=ORIENTED_EDGE('',*,*,#1699,.F.);
#2318=ORIENTED_EDGE('',*,*,#1760,.F.);
#2319=ORIENTED_EDGE('',*,*,#1751,.F.);
#2320=ORIENTED_EDGE('',*,*,#1748,.F.);
#2321=ORIENTED_EDGE('',*,*,#1673,.F.);
#2322=ORIENTED_EDGE('',*,*,#1752,.F.);
#2323=ORIENTED_EDGE('',*,*,#1760,.T.);
#2324=ORIENTED_EDGE('',*,*,#1672,.F.);
#2325=ORIENTED_EDGE('',*,*,#1711,.T.);
#2326=ORIENTED_EDGE('',*,*,#1705,.T.);
#2327=ORIENTED_EDGE('',*,*,#1680,.F.);
#2328=ORIENTED_EDGE('',*,*,#1739,.T.);
#2329=ORIENTED_EDGE('',*,*,#1750,.F.);
#2330=ORIENTED_EDGE('',*,*,#1726,.T.);
#2331=ORIENTED_EDGE('',*,*,#1650,.T.);
#2332=ORIENTED_EDGE('',*,*,#1757,.F.);
#2333=ORIENTED_EDGE('',*,*,#1697,.F.);
#2334=ORIENTED_EDGE('',*,*,#1759,.F.);
#2335=ORIENTED_EDGE('',*,*,#1647,.T.);
#2336=ORIENTED_EDGE('',*,*,#1761,.F.);
#2337=ORIENTED_EDGE('',*,*,#1700,.F.);
#2338=ORIENTED_EDGE('',*,*,#1753,.F.);
#2339=ORIENTED_EDGE('',*,*,#1762,.T.);
#2340=ORIENTED_EDGE('',*,*,#1722,.T.);
#2341=ORIENTED_EDGE('',*,*,#1762,.F.);
#2342=ORIENTED_EDGE('',*,*,#1756,.F.);
#2343=ORIENTED_EDGE('',*,*,#1763,.T.);
#2344=ORIENTED_EDGE('',*,*,#1718,.T.);
#2345=ORIENTED_EDGE('',*,*,#1763,.F.);
#2346=ORIENTED_EDGE('',*,*,#1754,.F.);
#2347=ORIENTED_EDGE('',*,*,#1764,.T.);
#2348=ORIENTED_EDGE('',*,*,#1720,.T.);
#2349=ORIENTED_EDGE('',*,*,#1764,.F.);
#2350=ORIENTED_EDGE('',*,*,#1755,.F.);
#2351=ORIENTED_EDGE('',*,*,#1765,.T.);
#2352=ORIENTED_EDGE('',*,*,#1716,.T.);
#2353=ORIENTED_EDGE('',*,*,#1765,.F.);
#2354=ORIENTED_EDGE('',*,*,#1766,.F.);
#2355=ORIENTED_EDGE('',*,*,#1644,.T.);
#2356=ORIENTED_EDGE('',*,*,#1733,.F.);
#2357=ORIENTED_EDGE('',*,*,#1703,.F.);
#2358=ORIENTED_EDGE('',*,*,#1723,.T.);
#2359=ORIENTED_EDGE('',*,*,#1767,.T.);
#2360=ORIENTED_EDGE('',*,*,#1682,.F.);
#2361=ORIENTED_EDGE('',*,*,#1767,.F.);
#2362=ORIENTED_EDGE('',*,*,#1719,.T.);
#2363=ORIENTED_EDGE('',*,*,#1768,.T.);
#2364=ORIENTED_EDGE('',*,*,#1683,.F.);
#2365=ORIENTED_EDGE('',*,*,#1768,.F.);
#2366=ORIENTED_EDGE('',*,*,#1721,.T.);
#2367=ORIENTED_EDGE('',*,*,#1769,.T.);
#2368=ORIENTED_EDGE('',*,*,#1684,.F.);
#2369=ORIENTED_EDGE('',*,*,#1769,.F.);
#2370=ORIENTED_EDGE('',*,*,#1770,.F.);
#2371=ORIENTED_EDGE('',*,*,#1645,.T.);
#2372=ORIENTED_EDGE('',*,*,#1766,.T.);
#2373=ORIENTED_EDGE('',*,*,#1702,.F.);
#2374=ORIENTED_EDGE('',*,*,#1761,.T.);
#2375=ORIENTED_EDGE('',*,*,#1646,.T.);
#2376=ORIENTED_EDGE('',*,*,#1770,.T.);
#2377=ORIENTED_EDGE('',*,*,#1701,.F.);
#2378=ORIENTED_EDGE('',*,*,#1771,.T.);
#2379=ORIENTED_EDGE('',*,*,#1772,.T.);
#2380=ORIENTED_EDGE('',*,*,#1773,.F.);
#2381=ORIENTED_EDGE('',*,*,#1774,.F.);
#2382=ORIENTED_EDGE('',*,*,#1775,.T.);
#2383=ORIENTED_EDGE('',*,*,#1776,.T.);
#2384=ORIENTED_EDGE('',*,*,#1777,.F.);
#2385=ORIENTED_EDGE('',*,*,#1778,.F.);
#2386=ORIENTED_EDGE('',*,*,#1779,.T.);
#2387=ORIENTED_EDGE('',*,*,#1780,.T.);
#2388=ORIENTED_EDGE('',*,*,#1781,.T.);
#2389=ORIENTED_EDGE('',*,*,#1782,.T.);
#2390=ORIENTED_EDGE('',*,*,#1783,.T.);
#2391=ORIENTED_EDGE('',*,*,#1784,.T.);
#2392=ORIENTED_EDGE('',*,*,#1785,.T.);
#2393=ORIENTED_EDGE('',*,*,#1786,.T.);
#2394=ORIENTED_EDGE('',*,*,#1787,.T.);
#2395=ORIENTED_EDGE('',*,*,#1773,.T.);
#2396=ORIENTED_EDGE('',*,*,#1788,.T.);
#2397=ORIENTED_EDGE('',*,*,#1775,.F.);
#2398=ORIENTED_EDGE('',*,*,#1789,.T.);
#2399=ORIENTED_EDGE('',*,*,#1790,.T.);
#2400=ORIENTED_EDGE('',*,*,#1791,.T.);
#2401=ORIENTED_EDGE('',*,*,#1792,.T.);
#2402=ORIENTED_EDGE('',*,*,#1793,.T.);
#2403=ORIENTED_EDGE('',*,*,#1794,.T.);
#2404=ORIENTED_EDGE('',*,*,#1795,.T.);
#2405=ORIENTED_EDGE('',*,*,#1796,.T.);
#2406=ORIENTED_EDGE('',*,*,#1797,.T.);
#2407=ORIENTED_EDGE('',*,*,#1798,.T.);
#2408=ORIENTED_EDGE('',*,*,#1799,.T.);
#2409=ORIENTED_EDGE('',*,*,#1800,.T.);
#2410=ORIENTED_EDGE('',*,*,#1801,.T.);
#2411=ORIENTED_EDGE('',*,*,#1802,.T.);
#2412=ORIENTED_EDGE('',*,*,#1803,.T.);
#2413=ORIENTED_EDGE('',*,*,#1804,.T.);
#2414=ORIENTED_EDGE('',*,*,#1805,.T.);
#2415=ORIENTED_EDGE('',*,*,#1806,.F.);
#2416=ORIENTED_EDGE('',*,*,#1807,.T.);
#2417=ORIENTED_EDGE('',*,*,#1808,.T.);
#2418=ORIENTED_EDGE('',*,*,#1809,.F.);
#2419=ORIENTED_EDGE('',*,*,#1810,.T.);
#2420=ORIENTED_EDGE('',*,*,#1811,.T.);
#2421=ORIENTED_EDGE('',*,*,#1812,.T.);
#2422=ORIENTED_EDGE('',*,*,#1807,.F.);
#2423=ORIENTED_EDGE('',*,*,#1813,.F.);
#2424=ORIENTED_EDGE('',*,*,#1814,.F.);
#2425=ORIENTED_EDGE('',*,*,#1815,.T.);
#2426=ORIENTED_EDGE('',*,*,#1816,.T.);
#2427=ORIENTED_EDGE('',*,*,#1811,.F.);
#2428=ORIENTED_EDGE('',*,*,#1817,.F.);
#2429=ORIENTED_EDGE('',*,*,#1809,.T.);
#2430=ORIENTED_EDGE('',*,*,#1818,.T.);
#2431=ORIENTED_EDGE('',*,*,#1815,.F.);
#2432=ORIENTED_EDGE('',*,*,#1818,.F.);
#2433=ORIENTED_EDGE('',*,*,#1808,.F.);
#2434=ORIENTED_EDGE('',*,*,#1812,.F.);
#2435=ORIENTED_EDGE('',*,*,#1816,.F.);
#2436=ORIENTED_EDGE('',*,*,#1813,.T.);
#2437=ORIENTED_EDGE('',*,*,#1806,.T.);
#2438=ORIENTED_EDGE('',*,*,#1817,.T.);
#2439=ORIENTED_EDGE('',*,*,#1814,.T.);
#2440=ORIENTED_EDGE('',*,*,#1819,.T.);
#2441=ORIENTED_EDGE('',*,*,#1820,.T.);
#2442=ORIENTED_EDGE('',*,*,#1821,.F.);
#2443=ORIENTED_EDGE('',*,*,#1822,.F.);
#2444=ORIENTED_EDGE('',*,*,#1823,.F.);
#2445=ORIENTED_EDGE('',*,*,#1824,.F.);
#2446=ORIENTED_EDGE('',*,*,#1825,.T.);
#2447=ORIENTED_EDGE('',*,*,#1826,.T.);
#2448=ORIENTED_EDGE('',*,*,#1827,.T.);
#2449=ORIENTED_EDGE('',*,*,#1828,.F.);
#2450=ORIENTED_EDGE('',*,*,#1829,.F.);
#2451=ORIENTED_EDGE('',*,*,#1830,.F.);
#2452=ORIENTED_EDGE('',*,*,#1831,.F.);
#2453=ORIENTED_EDGE('',*,*,#1832,.F.);
#2454=ORIENTED_EDGE('',*,*,#1833,.F.);
#2455=ORIENTED_EDGE('',*,*,#1834,.T.);
#2456=ORIENTED_EDGE('',*,*,#1835,.T.);
#2457=ORIENTED_EDGE('',*,*,#1836,.F.);
#2458=ORIENTED_EDGE('',*,*,#1837,.F.);
#2459=ORIENTED_EDGE('',*,*,#1838,.T.);
#2460=ORIENTED_EDGE('',*,*,#1839,.T.);
#2461=ORIENTED_EDGE('',*,*,#1840,.F.);
#2462=ORIENTED_EDGE('',*,*,#1841,.F.);
#2463=ORIENTED_EDGE('',*,*,#1842,.F.);
#2464=ORIENTED_EDGE('',*,*,#1843,.F.);
#2465=ORIENTED_EDGE('',*,*,#1844,.F.);
#2466=ORIENTED_EDGE('',*,*,#1845,.F.);
#2467=ORIENTED_EDGE('',*,*,#1846,.F.);
#2468=ORIENTED_EDGE('',*,*,#1847,.F.);
#2469=ORIENTED_EDGE('',*,*,#1848,.T.);
#2470=ORIENTED_EDGE('',*,*,#1849,.F.);
#2471=ORIENTED_EDGE('',*,*,#1850,.T.);
#2472=ORIENTED_EDGE('',*,*,#1851,.F.);
#2473=ORIENTED_EDGE('',*,*,#1852,.F.);
#2474=ORIENTED_EDGE('',*,*,#1853,.T.);
#2475=ORIENTED_EDGE('',*,*,#1854,.F.);
#2476=ORIENTED_EDGE('',*,*,#1855,.T.);
#2477=ORIENTED_EDGE('',*,*,#1856,.T.);
#2478=ORIENTED_EDGE('',*,*,#1857,.T.);
#2479=ORIENTED_EDGE('',*,*,#1858,.T.);
#2480=ORIENTED_EDGE('',*,*,#1838,.F.);
#2481=ORIENTED_EDGE('',*,*,#1859,.T.);
#2482=ORIENTED_EDGE('',*,*,#1860,.T.);
#2483=ORIENTED_EDGE('',*,*,#1861,.T.);
#2484=ORIENTED_EDGE('',*,*,#1789,.F.);
#2485=ORIENTED_EDGE('',*,*,#1862,.F.);
#2486=ORIENTED_EDGE('',*,*,#1863,.F.);
#2487=ORIENTED_EDGE('',*,*,#1864,.T.);
#2488=ORIENTED_EDGE('',*,*,#1865,.T.);
#2489=ORIENTED_EDGE('',*,*,#1866,.T.);
#2490=ORIENTED_EDGE('',*,*,#1867,.T.);
#2491=ORIENTED_EDGE('',*,*,#1868,.F.);
#2492=ORIENTED_EDGE('',*,*,#1797,.F.);
#2493=ORIENTED_EDGE('',*,*,#1869,.F.);
#2494=ORIENTED_EDGE('',*,*,#1834,.F.);
#2495=ORIENTED_EDGE('',*,*,#1870,.T.);
#2496=ORIENTED_EDGE('',*,*,#1871,.T.);
#2497=ORIENTED_EDGE('',*,*,#1872,.T.);
#2498=ORIENTED_EDGE('',*,*,#1873,.F.);
#2499=ORIENTED_EDGE('',*,*,#1874,.F.);
#2500=ORIENTED_EDGE('',*,*,#1875,.F.);
#2501=ORIENTED_EDGE('',*,*,#1876,.F.);
#2502=ORIENTED_EDGE('',*,*,#1877,.F.);
#2503=ORIENTED_EDGE('',*,*,#1878,.F.);
#2504=ORIENTED_EDGE('',*,*,#1879,.T.);
#2505=ORIENTED_EDGE('',*,*,#1857,.F.);
#2506=ORIENTED_EDGE('',*,*,#1880,.F.);
#2507=ORIENTED_EDGE('',*,*,#1881,.F.);
#2508=ORIENTED_EDGE('',*,*,#1882,.T.);
#2509=ORIENTED_EDGE('',*,*,#1871,.F.);
#2510=ORIENTED_EDGE('',*,*,#1883,.F.);
#2511=ORIENTED_EDGE('',*,*,#1884,.F.);
#2512=ORIENTED_EDGE('',*,*,#1885,.F.);
#2513=ORIENTED_EDGE('',*,*,#1886,.T.);
#2514=ORIENTED_EDGE('',*,*,#1865,.F.);
#2515=ORIENTED_EDGE('',*,*,#1887,.F.);
#2516=ORIENTED_EDGE('',*,*,#1888,.F.);
#2517=ORIENTED_EDGE('',*,*,#1889,.F.);
#2518=ORIENTED_EDGE('',*,*,#1890,.F.);
#2519=ORIENTED_EDGE('',*,*,#1891,.F.);
#2520=ORIENTED_EDGE('',*,*,#1860,.F.);
#2521=ORIENTED_EDGE('',*,*,#1892,.F.);
#2522=ORIENTED_EDGE('',*,*,#1883,.T.);
#2523=ORIENTED_EDGE('',*,*,#1870,.F.);
#2524=ORIENTED_EDGE('',*,*,#1833,.T.);
#2525=ORIENTED_EDGE('',*,*,#1893,.F.);
#2526=ORIENTED_EDGE('',*,*,#1802,.F.);
#2527=ORIENTED_EDGE('',*,*,#1894,.F.);
#2528=ORIENTED_EDGE('',*,*,#1887,.T.);
#2529=ORIENTED_EDGE('',*,*,#1869,.T.);
#2530=ORIENTED_EDGE('',*,*,#1796,.F.);
#2531=ORIENTED_EDGE('',*,*,#1895,.F.);
#2532=ORIENTED_EDGE('',*,*,#1771,.F.);
#2533=ORIENTED_EDGE('',*,*,#1896,.F.);
#2534=ORIENTED_EDGE('',*,*,#1897,.T.);
#2535=ORIENTED_EDGE('',*,*,#1898,.T.);
#2536=ORIENTED_EDGE('',*,*,#1899,.F.);
#2537=ORIENTED_EDGE('',*,*,#1900,.T.);
#2538=ORIENTED_EDGE('',*,*,#1901,.F.);
#2539=ORIENTED_EDGE('',*,*,#1902,.T.);
#2540=ORIENTED_EDGE('',*,*,#1903,.T.);
#2541=ORIENTED_EDGE('',*,*,#1904,.F.);
#2542=ORIENTED_EDGE('',*,*,#1777,.T.);
#2543=ORIENTED_EDGE('',*,*,#1905,.F.);
#2544=ORIENTED_EDGE('',*,*,#1906,.T.);
#2545=ORIENTED_EDGE('',*,*,#1907,.T.);
#2546=ORIENTED_EDGE('',*,*,#1908,.T.);
#2547=ORIENTED_EDGE('',*,*,#1909,.T.);
#2548=ORIENTED_EDGE('',*,*,#1910,.F.);
#2549=ORIENTED_EDGE('',*,*,#1911,.F.);
#2550=ORIENTED_EDGE('',*,*,#1912,.F.);
#2551=ORIENTED_EDGE('',*,*,#1913,.F.);
#2552=ORIENTED_EDGE('',*,*,#1855,.F.);
#2553=ORIENTED_EDGE('',*,*,#1914,.F.);
#2554=ORIENTED_EDGE('',*,*,#1915,.F.);
#2555=ORIENTED_EDGE('',*,*,#1916,.T.);
#2556=ORIENTED_EDGE('',*,*,#1917,.F.);
#2557=ORIENTED_EDGE('',*,*,#1918,.F.);
#2558=ORIENTED_EDGE('',*,*,#1919,.F.);
#2559=ORIENTED_EDGE('',*,*,#1920,.F.);
#2560=ORIENTED_EDGE('',*,*,#1921,.F.);
#2561=ORIENTED_EDGE('',*,*,#1922,.T.);
#2562=ORIENTED_EDGE('',*,*,#1923,.T.);
#2563=ORIENTED_EDGE('',*,*,#1924,.F.);
#2564=ORIENTED_EDGE('',*,*,#1925,.T.);
#2565=ORIENTED_EDGE('',*,*,#1926,.F.);
#2566=ORIENTED_EDGE('',*,*,#1927,.F.);
#2567=ORIENTED_EDGE('',*,*,#1928,.F.);
#2568=ORIENTED_EDGE('',*,*,#1772,.F.);
#2569=ORIENTED_EDGE('',*,*,#1905,.T.);
#2570=ORIENTED_EDGE('',*,*,#1776,.F.);
#2571=ORIENTED_EDGE('',*,*,#1788,.F.);
#2572=ORIENTED_EDGE('',*,*,#1929,.T.);
#2573=ORIENTED_EDGE('',*,*,#1901,.T.);
#2574=ORIENTED_EDGE('',*,*,#1930,.T.);
#2575=ORIENTED_EDGE('',*,*,#1782,.F.);
#2576=ORIENTED_EDGE('',*,*,#1930,.F.);
#2577=ORIENTED_EDGE('',*,*,#1900,.F.);
#2578=ORIENTED_EDGE('',*,*,#1931,.F.);
#2579=ORIENTED_EDGE('',*,*,#1783,.F.);
#2580=ORIENTED_EDGE('',*,*,#1931,.T.);
#2581=ORIENTED_EDGE('',*,*,#1899,.T.);
#2582=ORIENTED_EDGE('',*,*,#1932,.T.);
#2583=ORIENTED_EDGE('',*,*,#1784,.F.);
#2584=ORIENTED_EDGE('',*,*,#1933,.F.);
#2585=ORIENTED_EDGE('',*,*,#1897,.F.);
#2586=ORIENTED_EDGE('',*,*,#1934,.F.);
#2587=ORIENTED_EDGE('',*,*,#1786,.F.);
#2588=ORIENTED_EDGE('',*,*,#1932,.F.);
#2589=ORIENTED_EDGE('',*,*,#1898,.F.);
#2590=ORIENTED_EDGE('',*,*,#1933,.T.);
#2591=ORIENTED_EDGE('',*,*,#1785,.F.);
#2592=ORIENTED_EDGE('',*,*,#1935,.F.);
#2593=ORIENTED_EDGE('',*,*,#1903,.F.);
#2594=ORIENTED_EDGE('',*,*,#1936,.T.);
#2595=ORIENTED_EDGE('',*,*,#1780,.F.);
#2596=ORIENTED_EDGE('',*,*,#1929,.F.);
#2597=ORIENTED_EDGE('',*,*,#1781,.F.);
#2598=ORIENTED_EDGE('',*,*,#1936,.F.);
#2599=ORIENTED_EDGE('',*,*,#1902,.F.);
#2600=ORIENTED_EDGE('',*,*,#1934,.T.);
#2601=ORIENTED_EDGE('',*,*,#1896,.T.);
#2602=ORIENTED_EDGE('',*,*,#1774,.T.);
#2603=ORIENTED_EDGE('',*,*,#1787,.F.);
#2604=ORIENTED_EDGE('',*,*,#1937,.F.);
#2605=ORIENTED_EDGE('',*,*,#1938,.F.);
#2606=ORIENTED_EDGE('',*,*,#1939,.F.);
#2607=ORIENTED_EDGE('',*,*,#1940,.F.);
#2608=ORIENTED_EDGE('',*,*,#1941,.F.);
#2609=ORIENTED_EDGE('',*,*,#1942,.F.);
#2610=ORIENTED_EDGE('',*,*,#1848,.F.);
#2611=ORIENTED_EDGE('',*,*,#1943,.F.);
#2612=ORIENTED_EDGE('',*,*,#1944,.F.);
#2613=ORIENTED_EDGE('',*,*,#1945,.F.);
#2614=ORIENTED_EDGE('',*,*,#1946,.F.);
#2615=ORIENTED_EDGE('',*,*,#1942,.T.);
#2616=ORIENTED_EDGE('',*,*,#1947,.T.);
#2617=ORIENTED_EDGE('',*,*,#1948,.T.);
#2618=ORIENTED_EDGE('',*,*,#1819,.F.);
#2619=ORIENTED_EDGE('',*,*,#1810,.F.);
#2620=ORIENTED_EDGE('',*,*,#1941,.T.);
#2621=ORIENTED_EDGE('',*,*,#1949,.F.);
#2622=ORIENTED_EDGE('',*,*,#1950,.T.);
#2623=ORIENTED_EDGE('',*,*,#1951,.F.);
#2624=ORIENTED_EDGE('',*,*,#1947,.F.);
#2625=ORIENTED_EDGE('',*,*,#1940,.T.);
#2626=ORIENTED_EDGE('',*,*,#1952,.F.);
#2627=ORIENTED_EDGE('',*,*,#1953,.F.);
#2628=ORIENTED_EDGE('',*,*,#1954,.F.);
#2629=ORIENTED_EDGE('',*,*,#1949,.T.);
#2630=ORIENTED_EDGE('',*,*,#1939,.T.);
#2631=ORIENTED_EDGE('',*,*,#1955,.F.);
#2632=ORIENTED_EDGE('',*,*,#1956,.F.);
#2633=ORIENTED_EDGE('',*,*,#1957,.T.);
#2634=ORIENTED_EDGE('',*,*,#1952,.T.);
#2635=ORIENTED_EDGE('',*,*,#1938,.T.);
#2636=ORIENTED_EDGE('',*,*,#1958,.F.);
#2637=ORIENTED_EDGE('',*,*,#1959,.F.);
#2638=ORIENTED_EDGE('',*,*,#1955,.T.);
#2639=ORIENTED_EDGE('',*,*,#1946,.T.);
#2640=ORIENTED_EDGE('',*,*,#1960,.T.);
#2641=ORIENTED_EDGE('',*,*,#1961,.T.);
#2642=ORIENTED_EDGE('',*,*,#1962,.F.);
#2643=ORIENTED_EDGE('',*,*,#1963,.T.);
#2644=ORIENTED_EDGE('',*,*,#1953,.T.);
#2645=ORIENTED_EDGE('',*,*,#1957,.F.);
#2646=ORIENTED_EDGE('',*,*,#1945,.T.);
#2647=ORIENTED_EDGE('',*,*,#1964,.F.);
#2648=ORIENTED_EDGE('',*,*,#1965,.T.);
#2649=ORIENTED_EDGE('',*,*,#1960,.F.);
#2650=ORIENTED_EDGE('',*,*,#1966,.F.);
#2651=ORIENTED_EDGE('',*,*,#1961,.F.);
#2652=ORIENTED_EDGE('',*,*,#1965,.F.);
#2653=ORIENTED_EDGE('',*,*,#1944,.T.);
#2654=ORIENTED_EDGE('',*,*,#1967,.F.);
#2655=ORIENTED_EDGE('',*,*,#1968,.T.);
#2656=ORIENTED_EDGE('',*,*,#1969,.T.);
#2657=ORIENTED_EDGE('',*,*,#1958,.T.);
#2658=ORIENTED_EDGE('',*,*,#1937,.T.);
#2659=ORIENTED_EDGE('',*,*,#1962,.T.);
#2660=ORIENTED_EDGE('',*,*,#1966,.T.);
#2661=ORIENTED_EDGE('',*,*,#1964,.T.);
#2662=ORIENTED_EDGE('',*,*,#1954,.T.);
#2663=ORIENTED_EDGE('',*,*,#1970,.T.);
#2664=ORIENTED_EDGE('',*,*,#1971,.T.);
#2665=ORIENTED_EDGE('',*,*,#1972,.T.);
#2666=ORIENTED_EDGE('',*,*,#1822,.T.);
#2667=ORIENTED_EDGE('',*,*,#1973,.T.);
#2668=ORIENTED_EDGE('',*,*,#1974,.F.);
#2669=ORIENTED_EDGE('',*,*,#1975,.T.);
#2670=ORIENTED_EDGE('',*,*,#1976,.T.);
#2671=ORIENTED_EDGE('',*,*,#1977,.T.);
#2672=ORIENTED_EDGE('',*,*,#1978,.T.);
#2673=ORIENTED_EDGE('',*,*,#1979,.T.);
#2674=ORIENTED_EDGE('',*,*,#1956,.T.);
#2675=ORIENTED_EDGE('',*,*,#1959,.T.);
#2676=ORIENTED_EDGE('',*,*,#1980,.T.);
#2677=ORIENTED_EDGE('',*,*,#1981,.F.);
#2678=ORIENTED_EDGE('',*,*,#1982,.T.);
#2679=ORIENTED_EDGE('',*,*,#1974,.T.);
#2680=ORIENTED_EDGE('',*,*,#1983,.T.);
#2681=ORIENTED_EDGE('',*,*,#1982,.F.);
#2682=ORIENTED_EDGE('',*,*,#1984,.F.);
#2683=ORIENTED_EDGE('',*,*,#1950,.F.);
#2684=ORIENTED_EDGE('',*,*,#1975,.F.);
#2685=ORIENTED_EDGE('',*,*,#1981,.T.);
#2686=ORIENTED_EDGE('',*,*,#1985,.F.);
#2687=ORIENTED_EDGE('',*,*,#1820,.F.);
#2688=ORIENTED_EDGE('',*,*,#1948,.F.);
#2689=ORIENTED_EDGE('',*,*,#1951,.T.);
#2690=ORIENTED_EDGE('',*,*,#1984,.T.);
#2691=ORIENTED_EDGE('',*,*,#1943,.T.);
#2692=ORIENTED_EDGE('',*,*,#1847,.T.);
#2693=ORIENTED_EDGE('',*,*,#1986,.F.);
#2694=ORIENTED_EDGE('',*,*,#1967,.T.);
#2695=ORIENTED_EDGE('',*,*,#1843,.T.);
#2696=ORIENTED_EDGE('',*,*,#1987,.F.);
#2697=ORIENTED_EDGE('',*,*,#1910,.T.);
#2698=ORIENTED_EDGE('',*,*,#1988,.T.);
#2699=ORIENTED_EDGE('',*,*,#1989,.T.);
#2700=ORIENTED_EDGE('',*,*,#1990,.T.);
#2701=ORIENTED_EDGE('',*,*,#1991,.T.);
#2702=ORIENTED_EDGE('',*,*,#1852,.T.);
#2703=ORIENTED_EDGE('',*,*,#1990,.F.);
#2704=ORIENTED_EDGE('',*,*,#1992,.F.);
#2705=ORIENTED_EDGE('',*,*,#1993,.F.);
#2706=ORIENTED_EDGE('',*,*,#1994,.F.);
#2707=ORIENTED_EDGE('',*,*,#1874,.T.);
#2708=ORIENTED_EDGE('',*,*,#1995,.T.);
#2709=ORIENTED_EDGE('',*,*,#1892,.T.);
#2710=ORIENTED_EDGE('',*,*,#1995,.F.);
#2711=ORIENTED_EDGE('',*,*,#1873,.T.);
#2712=ORIENTED_EDGE('',*,*,#1996,.T.);
#2713=ORIENTED_EDGE('',*,*,#1884,.T.);
#2714=ORIENTED_EDGE('',*,*,#1996,.F.);
#2715=ORIENTED_EDGE('',*,*,#1876,.T.);
#2716=ORIENTED_EDGE('',*,*,#1997,.T.);
#2717=ORIENTED_EDGE('',*,*,#1888,.T.);
#2718=ORIENTED_EDGE('',*,*,#1997,.F.);
#2719=ORIENTED_EDGE('',*,*,#1875,.T.);
#2720=ORIENTED_EDGE('',*,*,#1998,.T.);
#2721=ORIENTED_EDGE('',*,*,#1880,.T.);
#2722=ORIENTED_EDGE('',*,*,#1998,.F.);
#2723=ORIENTED_EDGE('',*,*,#1999,.T.);
#2724=ORIENTED_EDGE('',*,*,#1793,.F.);
#2725=ORIENTED_EDGE('',*,*,#2000,.F.);
#2726=ORIENTED_EDGE('',*,*,#1836,.T.);
#2727=ORIENTED_EDGE('',*,*,#2001,.T.);
#2728=ORIENTED_EDGE('',*,*,#1830,.T.);
#2729=ORIENTED_EDGE('',*,*,#2002,.F.);
#2730=ORIENTED_EDGE('',*,*,#1918,.T.);
#2731=ORIENTED_EDGE('',*,*,#2003,.T.);
#2732=ORIENTED_EDGE('',*,*,#1828,.T.);
#2733=ORIENTED_EDGE('',*,*,#2004,.F.);
#2734=ORIENTED_EDGE('',*,*,#1920,.T.);
#2735=ORIENTED_EDGE('',*,*,#1832,.T.);
#2736=ORIENTED_EDGE('',*,*,#2005,.F.);
#2737=ORIENTED_EDGE('',*,*,#1803,.F.);
#2738=ORIENTED_EDGE('',*,*,#1893,.T.);
#2739=ORIENTED_EDGE('',*,*,#1886,.F.);
#2740=ORIENTED_EDGE('',*,*,#2006,.F.);
#2741=ORIENTED_EDGE('',*,*,#2007,.T.);
#2742=ORIENTED_EDGE('',*,*,#1866,.F.);
#2743=ORIENTED_EDGE('',*,*,#1882,.F.);
#2744=ORIENTED_EDGE('',*,*,#2008,.F.);
#2745=ORIENTED_EDGE('',*,*,#1794,.F.);
#2746=ORIENTED_EDGE('',*,*,#1999,.F.);
#2747=ORIENTED_EDGE('',*,*,#1835,.F.);
#2748=ORIENTED_EDGE('',*,*,#1872,.F.);
#2749=ORIENTED_EDGE('',*,*,#2009,.F.);
#2750=ORIENTED_EDGE('',*,*,#1804,.F.);
#2751=ORIENTED_EDGE('',*,*,#2005,.T.);
#2752=ORIENTED_EDGE('',*,*,#1831,.T.);
#2753=ORIENTED_EDGE('',*,*,#2001,.F.);
#2754=ORIENTED_EDGE('',*,*,#1917,.T.);
#2755=ORIENTED_EDGE('',*,*,#2007,.F.);
#2756=ORIENTED_EDGE('',*,*,#2010,.F.);
#2757=ORIENTED_EDGE('',*,*,#2011,.F.);
#2758=ORIENTED_EDGE('',*,*,#2012,.F.);
#2759=ORIENTED_EDGE('',*,*,#1867,.F.);
#2760=ORIENTED_EDGE('',*,*,#2013,.F.);
#2761=ORIENTED_EDGE('',*,*,#1863,.T.);
#2762=ORIENTED_EDGE('',*,*,#2014,.F.);
#2763=ORIENTED_EDGE('',*,*,#1853,.F.);
#2764=ORIENTED_EDGE('',*,*,#2015,.F.);
#2765=ORIENTED_EDGE('',*,*,#2002,.T.);
#2766=ORIENTED_EDGE('',*,*,#1829,.T.);
#2767=ORIENTED_EDGE('',*,*,#2003,.F.);
#2768=ORIENTED_EDGE('',*,*,#1919,.T.);
#2769=ORIENTED_EDGE('',*,*,#1913,.T.);
#2770=ORIENTED_EDGE('',*,*,#2016,.T.);
#2771=ORIENTED_EDGE('',*,*,#1840,.T.);
#2772=ORIENTED_EDGE('',*,*,#2017,.T.);
#2773=ORIENTED_EDGE('',*,*,#1878,.T.);
#2774=ORIENTED_EDGE('',*,*,#2018,.T.);
#2775=ORIENTED_EDGE('',*,*,#1791,.F.);
#2776=ORIENTED_EDGE('',*,*,#2019,.T.);
#2777=ORIENTED_EDGE('',*,*,#1890,.T.);
#2778=ORIENTED_EDGE('',*,*,#2020,.T.);
#2779=ORIENTED_EDGE('',*,*,#2015,.T.);
#2780=ORIENTED_EDGE('',*,*,#1856,.F.);
#2781=ORIENTED_EDGE('',*,*,#1778,.T.);
#2782=ORIENTED_EDGE('',*,*,#1904,.T.);
#2783=ORIENTED_EDGE('',*,*,#1935,.T.);
#2784=ORIENTED_EDGE('',*,*,#1779,.F.);
#2785=ORIENTED_EDGE('',*,*,#2021,.T.);
#2786=ORIENTED_EDGE('',*,*,#2022,.T.);
#2787=ORIENTED_EDGE('',*,*,#1800,.F.);
#2788=ORIENTED_EDGE('',*,*,#2023,.F.);
#2789=ORIENTED_EDGE('',*,*,#1926,.T.);
#2790=ORIENTED_EDGE('',*,*,#2024,.F.);
#2791=ORIENTED_EDGE('',*,*,#2025,.T.);
#2792=ORIENTED_EDGE('',*,*,#2026,.F.);
#2793=ORIENTED_EDGE('',*,*,#2027,.T.);
#2794=ORIENTED_EDGE('',*,*,#2028,.T.);
#2795=ORIENTED_EDGE('',*,*,#2029,.T.);
#2796=ORIENTED_EDGE('',*,*,#2030,.T.);
#2797=ORIENTED_EDGE('',*,*,#2031,.F.);
#2798=ORIENTED_EDGE('',*,*,#2025,.F.);
#2799=ORIENTED_EDGE('',*,*,#2032,.F.);
#2800=ORIENTED_EDGE('',*,*,#2033,.T.);
#2801=ORIENTED_EDGE('',*,*,#1968,.F.);
#2802=ORIENTED_EDGE('',*,*,#2029,.F.);
#2803=ORIENTED_EDGE('',*,*,#2034,.T.);
#2804=ORIENTED_EDGE('',*,*,#1976,.F.);
#2805=ORIENTED_EDGE('',*,*,#2035,.F.);
#2806=ORIENTED_EDGE('',*,*,#2028,.F.);
#2807=ORIENTED_EDGE('',*,*,#2036,.T.);
#2808=ORIENTED_EDGE('',*,*,#1977,.F.);
#2809=ORIENTED_EDGE('',*,*,#2034,.F.);
#2810=ORIENTED_EDGE('',*,*,#2037,.T.);
#2811=ORIENTED_EDGE('',*,*,#2038,.T.);
#2812=ORIENTED_EDGE('',*,*,#1971,.F.);
#2813=ORIENTED_EDGE('',*,*,#2039,.F.);
#2814=ORIENTED_EDGE('',*,*,#2030,.F.);
#2815=ORIENTED_EDGE('',*,*,#2035,.T.);
#2816=ORIENTED_EDGE('',*,*,#1979,.F.);
#2817=ORIENTED_EDGE('',*,*,#2040,.F.);
#2818=ORIENTED_EDGE('',*,*,#2027,.F.);
#2819=ORIENTED_EDGE('',*,*,#2040,.T.);
#2820=ORIENTED_EDGE('',*,*,#1978,.F.);
#2821=ORIENTED_EDGE('',*,*,#2036,.F.);
#2822=ORIENTED_EDGE('',*,*,#2041,.T.);
#2823=ORIENTED_EDGE('',*,*,#2042,.T.);
#2824=ORIENTED_EDGE('',*,*,#2037,.F.);
#2825=ORIENTED_EDGE('',*,*,#2043,.T.);
#2826=ORIENTED_EDGE('',*,*,#2044,.T.);
#2827=ORIENTED_EDGE('',*,*,#2043,.F.);
#2828=ORIENTED_EDGE('',*,*,#2039,.T.);
#2829=ORIENTED_EDGE('',*,*,#1970,.F.);
#2830=ORIENTED_EDGE('',*,*,#1963,.F.);
#2831=ORIENTED_EDGE('',*,*,#1980,.F.);
#2832=ORIENTED_EDGE('',*,*,#1969,.F.);
#2833=ORIENTED_EDGE('',*,*,#2033,.F.);
#2834=ORIENTED_EDGE('',*,*,#2045,.F.);
#2835=ORIENTED_EDGE('',*,*,#2046,.T.);
#2836=ORIENTED_EDGE('',*,*,#2023,.T.);
#2837=ORIENTED_EDGE('',*,*,#1799,.F.);
#2838=ORIENTED_EDGE('',*,*,#2047,.T.);
#2839=ORIENTED_EDGE('',*,*,#2048,.T.);
#2840=ORIENTED_EDGE('',*,*,#2047,.F.);
#2841=ORIENTED_EDGE('',*,*,#1801,.F.);
#2842=ORIENTED_EDGE('',*,*,#2022,.F.);
#2843=ORIENTED_EDGE('',*,*,#2049,.T.);
#2844=ORIENTED_EDGE('',*,*,#2045,.T.);
#2845=ORIENTED_EDGE('',*,*,#2032,.T.);
#2846=ORIENTED_EDGE('',*,*,#2050,.T.);
#2847=ORIENTED_EDGE('',*,*,#2051,.T.);
#2848=ORIENTED_EDGE('',*,*,#2050,.F.);
#2849=ORIENTED_EDGE('',*,*,#2024,.T.);
#2850=ORIENTED_EDGE('',*,*,#1925,.F.);
#2851=ORIENTED_EDGE('',*,*,#2052,.T.);
#2852=ORIENTED_EDGE('',*,*,#2053,.T.);
#2853=ORIENTED_EDGE('',*,*,#2054,.F.);
#2854=ORIENTED_EDGE('',*,*,#2055,.F.);
#2855=ORIENTED_EDGE('',*,*,#2056,.T.);
#2856=ORIENTED_EDGE('',*,*,#2054,.T.);
#2857=ORIENTED_EDGE('',*,*,#2057,.T.);
#2858=ORIENTED_EDGE('',*,*,#2058,.T.);
#2859=ORIENTED_EDGE('',*,*,#2059,.F.);
#2860=ORIENTED_EDGE('',*,*,#1923,.F.);
#2861=ORIENTED_EDGE('',*,*,#2060,.T.);
#2862=ORIENTED_EDGE('',*,*,#2057,.F.);
#2863=ORIENTED_EDGE('',*,*,#2053,.F.);
#2864=ORIENTED_EDGE('',*,*,#2061,.T.);
#2865=ORIENTED_EDGE('',*,*,#2062,.F.);
#2866=ORIENTED_EDGE('',*,*,#2055,.T.);
#2867=ORIENTED_EDGE('',*,*,#2056,.F.);
#2868=ORIENTED_EDGE('',*,*,#1922,.F.);
#2869=ORIENTED_EDGE('',*,*,#1825,.F.);
#2870=ORIENTED_EDGE('',*,*,#2063,.F.);
#2871=ORIENTED_EDGE('',*,*,#2064,.F.);
#2872=ORIENTED_EDGE('',*,*,#2048,.F.);
#2873=ORIENTED_EDGE('',*,*,#2021,.F.);
#2874=ORIENTED_EDGE('',*,*,#2046,.F.);
#2875=ORIENTED_EDGE('',*,*,#2058,.F.);
#2876=ORIENTED_EDGE('',*,*,#2060,.F.);
#2877=ORIENTED_EDGE('',*,*,#2065,.F.);
#2878=ORIENTED_EDGE('',*,*,#1826,.F.);
#2879=ORIENTED_EDGE('',*,*,#2064,.T.);
#2880=ORIENTED_EDGE('',*,*,#2066,.F.);
#2881=ORIENTED_EDGE('',*,*,#2067,.F.);
#2882=ORIENTED_EDGE('',*,*,#1850,.F.);
#2883=ORIENTED_EDGE('',*,*,#2068,.F.);
#2884=ORIENTED_EDGE('',*,*,#2069,.F.);
#2885=ORIENTED_EDGE('',*,*,#1983,.F.);
#2886=ORIENTED_EDGE('',*,*,#1973,.F.);
#2887=ORIENTED_EDGE('',*,*,#1821,.T.);
#2888=ORIENTED_EDGE('',*,*,#1985,.T.);
#2889=ORIENTED_EDGE('',*,*,#2070,.T.);
#2890=ORIENTED_EDGE('',*,*,#1823,.T.);
#2891=ORIENTED_EDGE('',*,*,#1972,.F.);
#2892=ORIENTED_EDGE('',*,*,#2038,.F.);
#2893=ORIENTED_EDGE('',*,*,#1986,.T.);
#2894=ORIENTED_EDGE('',*,*,#1846,.T.);
#2895=ORIENTED_EDGE('',*,*,#2071,.F.);
#2896=ORIENTED_EDGE('',*,*,#2026,.T.);
#2897=ORIENTED_EDGE('',*,*,#2031,.T.);
#2898=ORIENTED_EDGE('',*,*,#2072,.T.);
#2899=ORIENTED_EDGE('',*,*,#2063,.T.);
#2900=ORIENTED_EDGE('',*,*,#1824,.T.);
#2901=ORIENTED_EDGE('',*,*,#2070,.F.);
#2902=ORIENTED_EDGE('',*,*,#2042,.F.);
#2903=ORIENTED_EDGE('',*,*,#2071,.T.);
#2904=ORIENTED_EDGE('',*,*,#1845,.T.);
#2905=ORIENTED_EDGE('',*,*,#2073,.F.);
#2906=ORIENTED_EDGE('',*,*,#1927,.T.);
#2907=ORIENTED_EDGE('',*,*,#2059,.T.);
#2908=ORIENTED_EDGE('',*,*,#2066,.T.);
#2909=ORIENTED_EDGE('',*,*,#2072,.F.);
#2910=ORIENTED_EDGE('',*,*,#2041,.F.);
#2911=ORIENTED_EDGE('',*,*,#2044,.F.);
#2912=ORIENTED_EDGE('',*,*,#2049,.F.);
#2913=ORIENTED_EDGE('',*,*,#2051,.F.);
#2914=ORIENTED_EDGE('',*,*,#1924,.T.);
#2915=ORIENTED_EDGE('',*,*,#2073,.T.);
#2916=ORIENTED_EDGE('',*,*,#1844,.T.);
#2917=ORIENTED_EDGE('',*,*,#1988,.F.);
#2918=ORIENTED_EDGE('',*,*,#1928,.T.);
#2919=ORIENTED_EDGE('',*,*,#1987,.T.);
#2920=ORIENTED_EDGE('',*,*,#1842,.T.);
#2921=ORIENTED_EDGE('',*,*,#2074,.F.);
#2922=ORIENTED_EDGE('',*,*,#1911,.T.);
#2923=ORIENTED_EDGE('',*,*,#2074,.T.);
#2924=ORIENTED_EDGE('',*,*,#1841,.T.);
#2925=ORIENTED_EDGE('',*,*,#2016,.F.);
#2926=ORIENTED_EDGE('',*,*,#1912,.T.);
#2927=ORIENTED_EDGE('',*,*,#1879,.F.);
#2928=ORIENTED_EDGE('',*,*,#2017,.F.);
#2929=ORIENTED_EDGE('',*,*,#1839,.F.);
#2930=ORIENTED_EDGE('',*,*,#1858,.F.);
#2931=ORIENTED_EDGE('',*,*,#1877,.T.);
#2932=ORIENTED_EDGE('',*,*,#1859,.F.);
#2933=ORIENTED_EDGE('',*,*,#1837,.T.);
#2934=ORIENTED_EDGE('',*,*,#2000,.T.);
#2935=ORIENTED_EDGE('',*,*,#1792,.F.);
#2936=ORIENTED_EDGE('',*,*,#2018,.F.);
#2937=ORIENTED_EDGE('',*,*,#1895,.T.);
#2938=ORIENTED_EDGE('',*,*,#1795,.F.);
#2939=ORIENTED_EDGE('',*,*,#2008,.T.);
#2940=ORIENTED_EDGE('',*,*,#1881,.T.);
#2941=ORIENTED_EDGE('',*,*,#1894,.T.);
#2942=ORIENTED_EDGE('',*,*,#1805,.F.);
#2943=ORIENTED_EDGE('',*,*,#2009,.T.);
#2944=ORIENTED_EDGE('',*,*,#1916,.F.);
#2945=ORIENTED_EDGE('',*,*,#2075,.T.);
#2946=ORIENTED_EDGE('',*,*,#2010,.T.);
#2947=ORIENTED_EDGE('',*,*,#2006,.T.);
#2948=ORIENTED_EDGE('',*,*,#1885,.T.);
#2949=ORIENTED_EDGE('',*,*,#1891,.T.);
#2950=ORIENTED_EDGE('',*,*,#2019,.F.);
#2951=ORIENTED_EDGE('',*,*,#1790,.F.);
#2952=ORIENTED_EDGE('',*,*,#1861,.F.);
#2953=ORIENTED_EDGE('',*,*,#1889,.T.);
#2954=ORIENTED_EDGE('',*,*,#1864,.F.);
#2955=ORIENTED_EDGE('',*,*,#2013,.T.);
#2956=ORIENTED_EDGE('',*,*,#2020,.F.);
#2957=ORIENTED_EDGE('',*,*,#1862,.T.);
#2958=ORIENTED_EDGE('',*,*,#1798,.F.);
#2959=ORIENTED_EDGE('',*,*,#1868,.T.);
#2960=ORIENTED_EDGE('',*,*,#2012,.T.);
#2961=ORIENTED_EDGE('',*,*,#2076,.F.);
#2962=ORIENTED_EDGE('',*,*,#1914,.T.);
#2963=ORIENTED_EDGE('',*,*,#1854,.T.);
#2964=ORIENTED_EDGE('',*,*,#2014,.T.);
#2965=ORIENTED_EDGE('',*,*,#2011,.T.);
#2966=ORIENTED_EDGE('',*,*,#2075,.F.);
#2967=ORIENTED_EDGE('',*,*,#1915,.T.);
#2968=ORIENTED_EDGE('',*,*,#2076,.T.);
#2969=ORIENTED_EDGE('',*,*,#1906,.F.);
#2970=ORIENTED_EDGE('',*,*,#2077,.T.);
#2971=ORIENTED_EDGE('',*,*,#2078,.T.);
#2972=ORIENTED_EDGE('',*,*,#2077,.F.);
#2973=ORIENTED_EDGE('',*,*,#1907,.F.);
#2974=ORIENTED_EDGE('',*,*,#2079,.T.);
#2975=ORIENTED_EDGE('',*,*,#2080,.T.);
#2976=ORIENTED_EDGE('',*,*,#2079,.F.);
#2977=ORIENTED_EDGE('',*,*,#1908,.F.);
#2978=ORIENTED_EDGE('',*,*,#2081,.T.);
#2979=ORIENTED_EDGE('',*,*,#2082,.T.);
#2980=ORIENTED_EDGE('',*,*,#2081,.F.);
#2981=ORIENTED_EDGE('',*,*,#1909,.F.);
#2982=ORIENTED_EDGE('',*,*,#2083,.T.);
#2983=ORIENTED_EDGE('',*,*,#2084,.T.);
#2984=ORIENTED_EDGE('',*,*,#2083,.F.);
#2985=ORIENTED_EDGE('',*,*,#2078,.F.);
#2986=ORIENTED_EDGE('',*,*,#2084,.F.);
#2987=ORIENTED_EDGE('',*,*,#2080,.F.);
#2988=ORIENTED_EDGE('',*,*,#2082,.F.);
#2989=ORIENTED_EDGE('',*,*,#2062,.T.);
#2990=ORIENTED_EDGE('',*,*,#1921,.T.);
#2991=ORIENTED_EDGE('',*,*,#2004,.T.);
#2992=ORIENTED_EDGE('',*,*,#1827,.F.);
#2993=ORIENTED_EDGE('',*,*,#2065,.T.);
#2994=ORIENTED_EDGE('',*,*,#2061,.F.);
#2995=ORIENTED_EDGE('',*,*,#2052,.F.);
#2996=ORIENTED_EDGE('',*,*,#2085,.T.);
#2997=ORIENTED_EDGE('',*,*,#2086,.T.);
#2998=ORIENTED_EDGE('',*,*,#2087,.T.);
#2999=ORIENTED_EDGE('',*,*,#2088,.T.);
#3000=ORIENTED_EDGE('',*,*,#2089,.F.);
#3001=ORIENTED_EDGE('',*,*,#2090,.F.);
#3002=ORIENTED_EDGE('',*,*,#2069,.T.);
#3003=ORIENTED_EDGE('',*,*,#2091,.F.);
#3004=ORIENTED_EDGE('',*,*,#2092,.T.);
#3005=ORIENTED_EDGE('',*,*,#2093,.T.);
#3006=ORIENTED_EDGE('',*,*,#2094,.T.);
#3007=ORIENTED_EDGE('',*,*,#2089,.T.);
#3008=ORIENTED_EDGE('',*,*,#2095,.F.);
#3009=ORIENTED_EDGE('',*,*,#2096,.F.);
#3010=ORIENTED_EDGE('',*,*,#2093,.F.);
#3011=ORIENTED_EDGE('',*,*,#2097,.F.);
#3012=ORIENTED_EDGE('',*,*,#2095,.T.);
#3013=ORIENTED_EDGE('',*,*,#2098,.F.);
#3014=ORIENTED_EDGE('',*,*,#2087,.F.);
#3015=ORIENTED_EDGE('',*,*,#2099,.T.);
#3016=ORIENTED_EDGE('',*,*,#2100,.T.);
#3017=ORIENTED_EDGE('',*,*,#2088,.F.);
#3018=ORIENTED_EDGE('',*,*,#2098,.T.);
#3019=ORIENTED_EDGE('',*,*,#2097,.T.);
#3020=ORIENTED_EDGE('',*,*,#2092,.F.);
#3021=ORIENTED_EDGE('',*,*,#2091,.T.);
#3022=ORIENTED_EDGE('',*,*,#2068,.T.);
#3023=ORIENTED_EDGE('',*,*,#1849,.T.);
#3024=ORIENTED_EDGE('',*,*,#1991,.F.);
#3025=ORIENTED_EDGE('',*,*,#1994,.T.);
#3026=ORIENTED_EDGE('',*,*,#2101,.T.);
#3027=ORIENTED_EDGE('',*,*,#1992,.T.);
#3028=ORIENTED_EDGE('',*,*,#1989,.F.);
#3029=ORIENTED_EDGE('',*,*,#1851,.T.);
#3030=ORIENTED_EDGE('',*,*,#2067,.T.);
#3031=ORIENTED_EDGE('',*,*,#2090,.T.);
#3032=ORIENTED_EDGE('',*,*,#2094,.F.);
#3033=ORIENTED_EDGE('',*,*,#2096,.T.);
#3034=ORIENTED_EDGE('',*,*,#2099,.F.);
#3035=ORIENTED_EDGE('',*,*,#2086,.F.);
#3036=ORIENTED_EDGE('',*,*,#2085,.F.);
#3037=ORIENTED_EDGE('',*,*,#2100,.F.);
#3038=ORIENTED_EDGE('',*,*,#1993,.T.);
#3039=ORIENTED_EDGE('',*,*,#2101,.F.);
#3040=PLANE('',#3363);
#3041=PLANE('',#3364);
#3042=PLANE('',#3365);
#3043=PLANE('',#3381);
#3044=PLANE('',#3382);
#3045=PLANE('',#3383);
#3046=PLANE('',#3409);
#3047=PLANE('',#3416);
#3048=PLANE('',#3419);
#3049=PLANE('',#3422);
#3050=PLANE('',#3425);
#3051=PLANE('',#3429);
#3052=PLANE('',#3431);
#3053=PLANE('',#3433);
#3054=PLANE('',#3435);
#3055=PLANE('',#3441);
#3056=PLANE('',#3444);
#3057=PLANE('',#3447);
#3058=PLANE('',#3450);
#3059=PLANE('',#3451);
#3060=PLANE('',#3460);
#3061=PLANE('',#3461);
#3062=PLANE('',#3462);
#3063=PLANE('',#3463);
#3064=PLANE('',#3480);
#3065=PLANE('',#3487);
#3066=PLANE('',#3488);
#3067=PLANE('',#3489);
#3068=PLANE('',#3490);
#3069=PLANE('',#3491);
#3070=PLANE('',#3492);
#3071=PLANE('',#3500);
#3072=PLANE('',#3501);
#3073=PLANE('',#3502);
#3074=PLANE('',#3503);
#3075=PLANE('',#3504);
#3076=PLANE('',#3506);
#3077=PLANE('',#3508);
#3078=PLANE('',#3510);
#3079=PLANE('',#3512);
#3080=PLANE('',#3514);
#3081=PLANE('',#3516);
#3082=PLANE('',#3518);
#3083=PLANE('',#3520);
#3084=PLANE('',#3521);
#3085=PLANE('',#3522);
#3086=PLANE('',#3536);
#3087=PLANE('',#3538);
#3088=PLANE('',#3541);
#3089=PLANE('',#3543);
#3090=PLANE('',#3544);
#3091=PLANE('',#3545);
#3092=PLANE('',#3546);
#3093=PLANE('',#3547);
#3094=PLANE('',#3548);
#3095=PLANE('',#3549);
#3096=PLANE('',#3550);
#3097=PLANE('',#3551);
#3098=PLANE('',#3552);
#3099=PLANE('',#3553);
#3100=PLANE('',#3554);
#3101=PLANE('',#3555);
#3102=PLANE('',#3556);
#3103=PLANE('',#3557);
#3104=PLANE('',#3558);
#3105=PLANE('',#3559);
#3106=PLANE('',#3560);
#3107=PLANE('',#3561);
#3108=PLANE('',#3563);
#3109=PLANE('',#3564);
#3110=PLANE('',#3569);
#3111=PLANE('',#3570);
#3112=PLANE('',#3571);
#3113=PLANE('',#3572);
#3114=PLANE('',#3573);
#3115=PLANE('',#3574);
#3116=PLANE('',#3576);
#3117=PLANE('',#3578);
#3118=PLANE('',#3580);
#3119=PLANE('',#3581);
#3120=PLANE('',#3582);
#3121=PLANE('',#3583);
#3122=PLANE('',#3584);
#3123=PLANE('',#3585);
#3124=PLANE('',#3586);
#3125=PLANE('',#3587);
#3126=PLANE('',#3588);
#3127=PLANE('',#3589);
#3128=PLANE('',#3590);
#3129=PLANE('',#3591);
#3130=PLANE('',#3592);
#3131=PLANE('',#3595);
#3132=PLANE('',#3596);
#3133=PLANE('',#3597);
#3134=PLANE('',#3598);
#3135=PLANE('',#3599);
#3136=PLANE('',#3600);
#3137=PLANE('',#3601);
#3138=PLANE('',#3602);
#3139=PLANE('',#3603);
#3140=PLANE('',#3604);
#3141=PLANE('',#3605);
#3142=PLANE('',#3606);
#3143=PLANE('',#3607);
#3144=PLANE('',#3608);
#3145=PLANE('',#3609);
#3146=PLANE('',#3610);
#3147=PLANE('',#3611);
#3148=PLANE('',#3612);
#3149=PLANE('',#3613);
#3150=PLANE('',#3615);
#3151=PLANE('',#3616);
#3152=PLANE('',#3617);
#3153=PLANE('',#3618);
#3154=PLANE('',#3619);
#3155=PLANE('',#3620);
#3156=PLANE('',#3630);
#3157=PLANE('',#3631);
#3158=PLANE('',#3632);
#3159=PLANE('',#3633);
#3160=PLANE('',#3634);
#3161=PLANE('',#3635);
#3162=PLANE('',#3636);
#3163=PLANE('',#3637);
#3164=PLANE('',#3638);
#3165=PLANE('',#3639);
#3166=PLANE('',#3640);
#3167=PLANE('',#3641);
#3168=PLANE('',#3642);
#3169=ADVANCED_FACE('',(#199),#3040,.T.);
#3170=ADVANCED_FACE('',(#200),#3041,.F.);
#3171=ADVANCED_FACE('',(#201,#67,#68),#3042,.F.);
#3172=ADVANCED_FACE('',(#202),#3043,.F.);
#3173=ADVANCED_FACE('',(#203),#3044,.F.);
#3174=ADVANCED_FACE('',(#204,#69,#70,#71,#72,#73),#3045,.T.);
#3175=ADVANCED_FACE('',(#205),#17,.F.);
#3176=ADVANCED_FACE('',(#206),#3046,.T.);
#3177=ADVANCED_FACE('',(#207),#18,.F.);
#3178=ADVANCED_FACE('',(#208),#19,.F.);
#3179=ADVANCED_FACE('',(#209),#20,.F.);
#3180=ADVANCED_FACE('',(#210,#74),#3047,.F.);
#3181=ADVANCED_FACE('',(#211,#75),#3048,.T.);
#3182=ADVANCED_FACE('',(#212,#76),#3049,.T.);
#3183=ADVANCED_FACE('',(#213,#77),#3050,.T.);
#3184=ADVANCED_FACE('',(#214),#21,.F.);
#3185=ADVANCED_FACE('',(#215),#3051,.F.);
#3186=ADVANCED_FACE('',(#216),#22,.T.);
#3187=ADVANCED_FACE('',(#217),#3052,.T.);
#3188=ADVANCED_FACE('',(#218),#23,.T.);
#3189=ADVANCED_FACE('',(#219),#3053,.T.);
#3190=ADVANCED_FACE('',(#220),#24,.F.);
#3191=ADVANCED_FACE('',(#221),#3054,.T.);
#3192=ADVANCED_FACE('',(#222),#25,.F.);
#3193=ADVANCED_FACE('',(#223),#26,.F.);
#3194=ADVANCED_FACE('',(#224),#27,.F.);
#3195=ADVANCED_FACE('',(#225),#28,.T.);
#3196=ADVANCED_FACE('',(#226),#29,.F.);
#3197=ADVANCED_FACE('',(#227),#3055,.T.);
#3198=ADVANCED_FACE('',(#228),#30,.T.);
#3199=ADVANCED_FACE('',(#229),#3056,.T.);
#3200=ADVANCED_FACE('',(#230),#31,.T.);
#3201=ADVANCED_FACE('',(#231),#3057,.T.);
#3202=ADVANCED_FACE('',(#232),#32,.T.);
#3203=ADVANCED_FACE('',(#233),#3058,.T.);
#3204=ADVANCED_FACE('',(#234,#78,#79,#80,#81,#82,#83),#3059,.T.);
#3205=ADVANCED_FACE('',(#235),#33,.F.);
#3206=ADVANCED_FACE('',(#236),#34,.F.);
#3207=ADVANCED_FACE('',(#237),#35,.T.);
#3208=ADVANCED_FACE('',(#238),#3060,.F.);
#3209=ADVANCED_FACE('',(#239),#3061,.F.);
#3210=ADVANCED_FACE('',(#240),#3062,.T.);
#3211=ADVANCED_FACE('',(#241),#3063,.T.);
#3212=ADVANCED_FACE('',(#242),#36,.F.);
#3213=ADVANCED_FACE('',(#243),#37,.F.);
#3214=ADVANCED_FACE('',(#244),#38,.F.);
#3215=ADVANCED_FACE('',(#245),#39,.F.);
#3216=ADVANCED_FACE('',(#246),#40,.T.);
#3217=ADVANCED_FACE('',(#247),#41,.F.);
#3218=ADVANCED_FACE('',(#248),#42,.F.);
#3219=ADVANCED_FACE('',(#249),#43,.F.);
#3220=ADVANCED_FACE('',(#250),#44,.F.);
#3221=ADVANCED_FACE('',(#251),#45,.F.);
#3222=ADVANCED_FACE('',(#252),#46,.F.);
#3223=ADVANCED_FACE('',(#253),#47,.F.);
#3224=ADVANCED_FACE('',(#254,#84,#85,#86),#3064,.F.);
#3225=ADVANCED_FACE('',(#255),#3065,.F.);
#3226=ADVANCED_FACE('',(#256),#3066,.F.);
#3227=ADVANCED_FACE('',(#257),#3067,.F.);
#3228=ADVANCED_FACE('',(#258),#3068,.F.);
#3229=ADVANCED_FACE('',(#259),#3069,.F.);
#3230=ADVANCED_FACE('',(#260,#87),#3070,.T.);
#3231=ADVANCED_FACE('',(#261),#48,.T.);
#3232=ADVANCED_FACE('',(#262),#3071,.T.);
#3233=ADVANCED_FACE('',(#263),#3072,.T.);
#3234=ADVANCED_FACE('',(#264),#3073,.T.);
#3235=ADVANCED_FACE('',(#265),#3074,.T.);
#3236=ADVANCED_FACE('',(#266),#3075,.T.);
#3237=ADVANCED_FACE('',(#267),#3076,.T.);
#3238=ADVANCED_FACE('',(#268),#3077,.T.);
#3239=ADVANCED_FACE('',(#269),#3078,.T.);
#3240=ADVANCED_FACE('',(#270,#88),#3079,.T.);
#3241=ADVANCED_FACE('',(#271,#89),#3080,.T.);
#3242=ADVANCED_FACE('',(#272,#90),#3081,.T.);
#3243=ADVANCED_FACE('',(#273,#91),#3082,.T.);
#3244=ADVANCED_FACE('',(#274),#3083,.T.);
#3245=ADVANCED_FACE('',(#275),#3084,.T.);
#3246=ADVANCED_FACE('',(#276,#92,#93,#94,#95,#96),#3085,.T.);
#3247=ADVANCED_FACE('',(#277),#3086,.T.);
#3248=ADVANCED_FACE('',(#278),#49,.T.);
#3249=ADVANCED_FACE('',(#279),#3087,.F.);
#3250=ADVANCED_FACE('',(#280),#50,.T.);
#3251=ADVANCED_FACE('',(#281),#51,.T.);
#3252=ADVANCED_FACE('',(#282),#3088,.F.);
#3253=ADVANCED_FACE('',(#283),#52,.T.);
#3254=ADVANCED_FACE('',(#284),#3089,.F.);
#3255=ADVANCED_FACE('',(#285),#3090,.F.);
#3256=ADVANCED_FACE('',(#286),#3091,.F.);
#3257=ADVANCED_FACE('',(#287),#3092,.F.);
#3258=ADVANCED_FACE('',(#288),#3093,.T.);
#3259=ADVANCED_FACE('',(#289),#3094,.T.);
#3260=ADVANCED_FACE('',(#290),#3095,.T.);
#3261=ADVANCED_FACE('',(#291),#3096,.T.);
#3262=ADVANCED_FACE('',(#292),#3097,.T.);
#3263=ADVANCED_FACE('',(#293),#3098,.T.);
#3264=ADVANCED_FACE('',(#294),#3099,.T.);
#3265=ADVANCED_FACE('',(#295),#3100,.T.);
#3266=ADVANCED_FACE('',(#296),#3101,.T.);
#3267=ADVANCED_FACE('',(#297,#97),#3102,.T.);
#3268=ADVANCED_FACE('',(#298),#3103,.T.);
#3269=ADVANCED_FACE('',(#299),#3104,.T.);
#3270=ADVANCED_FACE('',(#300),#3105,.F.);
#3271=ADVANCED_FACE('',(#301),#3106,.T.);
#3272=ADVANCED_FACE('',(#302),#3107,.T.);
#3273=ADVANCED_FACE('',(#303),#53,.T.);
#3274=ADVANCED_FACE('',(#304),#3108,.T.);
#3275=ADVANCED_FACE('',(#305),#3109,.F.);
#3276=ADVANCED_FACE('',(#306),#54,.T.);
#3277=ADVANCED_FACE('',(#307),#55,.T.);
#3278=ADVANCED_FACE('',(#308),#56,.T.);
#3279=ADVANCED_FACE('',(#309),#57,.T.);
#3280=ADVANCED_FACE('',(#310),#3110,.T.);
#3281=ADVANCED_FACE('',(#311),#3111,.F.);
#3282=ADVANCED_FACE('',(#312),#3112,.F.);
#3283=ADVANCED_FACE('',(#313),#3113,.T.);
#3284=ADVANCED_FACE('',(#314),#3114,.T.);
#3285=ADVANCED_FACE('',(#315),#3115,.T.);
#3286=ADVANCED_FACE('',(#316),#58,.F.);
#3287=ADVANCED_FACE('',(#317),#3116,.F.);
#3288=ADVANCED_FACE('',(#318),#3117,.F.);
#3289=ADVANCED_FACE('',(#319),#59,.T.);
#3290=ADVANCED_FACE('',(#320),#3118,.F.);
#3291=ADVANCED_FACE('',(#321),#3119,.F.);
#3292=ADVANCED_FACE('',(#322),#3120,.T.);
#3293=ADVANCED_FACE('',(#323),#3121,.T.);
#3294=ADVANCED_FACE('',(#324),#3122,.T.);
#3295=ADVANCED_FACE('',(#325),#3123,.T.);
#3296=ADVANCED_FACE('',(#326),#3124,.T.);
#3297=ADVANCED_FACE('',(#327),#3125,.T.);
#3298=ADVANCED_FACE('',(#328),#3126,.T.);
#3299=ADVANCED_FACE('',(#329),#3127,.T.);
#3300=ADVANCED_FACE('',(#330),#3128,.T.);
#3301=ADVANCED_FACE('',(#331),#3129,.T.);
#3302=ADVANCED_FACE('',(#332),#3130,.T.);
#3303=ADVANCED_FACE('',(#333),#60,.F.);
#3304=ADVANCED_FACE('',(#334),#3131,.T.);
#3305=ADVANCED_FACE('',(#335),#3132,.T.);
#3306=ADVANCED_FACE('',(#336),#3133,.T.);
#3307=ADVANCED_FACE('',(#337),#3134,.F.);
#3308=ADVANCED_FACE('',(#338),#3135,.T.);
#3309=ADVANCED_FACE('',(#339),#3136,.T.);
#3310=ADVANCED_FACE('',(#340),#3137,.T.);
#3311=ADVANCED_FACE('',(#341),#3138,.T.);
#3312=ADVANCED_FACE('',(#342),#3139,.T.);
#3313=ADVANCED_FACE('',(#343),#3140,.T.);
#3314=ADVANCED_FACE('',(#344),#3141,.F.);
#3315=ADVANCED_FACE('',(#345),#3142,.F.);
#3316=ADVANCED_FACE('',(#346),#3143,.T.);
#3317=ADVANCED_FACE('',(#347),#3144,.T.);
#3318=ADVANCED_FACE('',(#348),#3145,.T.);
#3319=ADVANCED_FACE('',(#349),#3146,.F.);
#3320=ADVANCED_FACE('',(#350),#3147,.F.);
#3321=ADVANCED_FACE('',(#351),#3148,.F.);
#3322=ADVANCED_FACE('',(#352),#3149,.F.);
#3323=ADVANCED_FACE('',(#353),#61,.F.);
#3324=ADVANCED_FACE('',(#354),#3150,.T.);
#3325=ADVANCED_FACE('',(#355),#3151,.T.);
#3326=ADVANCED_FACE('',(#356),#3152,.F.);
#3327=ADVANCED_FACE('',(#357),#3153,.T.);
#3328=ADVANCED_FACE('',(#358),#3154,.T.);
#3329=ADVANCED_FACE('',(#359),#3155,.T.);
#3330=ADVANCED_FACE('',(#360),#62,.T.);
#3331=ADVANCED_FACE('',(#361),#63,.F.);
#3332=ADVANCED_FACE('',(#362),#64,.F.);
#3333=ADVANCED_FACE('',(#363),#65,.F.);
#3334=ADVANCED_FACE('',(#364),#66,.F.);
#3335=ADVANCED_FACE('',(#365),#3156,.T.);
#3336=ADVANCED_FACE('',(#366),#3157,.T.);
#3337=ADVANCED_FACE('',(#367),#3158,.T.);
#3338=ADVANCED_FACE('',(#368),#3159,.T.);
#3339=ADVANCED_FACE('',(#369),#3160,.T.);
#3340=ADVANCED_FACE('',(#370),#3161,.T.);
#3341=ADVANCED_FACE('',(#371),#3162,.F.);
#3342=ADVANCED_FACE('',(#372),#3163,.T.);
#3343=ADVANCED_FACE('',(#373),#3164,.F.);
#3344=ADVANCED_FACE('',(#374),#3165,.T.);
#3345=ADVANCED_FACE('',(#375),#3166,.T.);
#3346=ADVANCED_FACE('',(#376),#3167,.F.);
#3347=ADVANCED_FACE('',(#377),#3168,.F.);
#3348=CLOSED_SHELL('',(#3169,#3170,#3171,#3172,#3173,#3174,#3175,#3176,
#3177,#3178,#3179,#3180,#3181,#3182,#3183,#3184,#3185,#3186,#3187,#3188,
#3189,#3190,#3191,#3192,#3193,#3194,#3195,#3196,#3197,#3198,#3199,#3200,
#3201,#3202,#3203,#3204,#3205,#3206,#3207,#3208,#3209,#3210,#3211,#3212,
#3213,#3214,#3215,#3216,#3217,#3218,#3219,#3220,#3221));
#3349=CLOSED_SHELL('',(#3222,#3223,#3224,#3225,#3226,#3227,#3228,#3229,
#3230,#3231,#3232,#3233,#3234,#3235,#3236,#3237,#3238,#3239,#3240,#3241,
#3242,#3243,#3244,#3245,#3246,#3247,#3248,#3249,#3250,#3251,#3252,#3253,
#3254,#3255,#3256,#3257,#3258,#3259,#3260,#3261,#3262,#3263,#3264,#3265,
#3266,#3267,#3268,#3269,#3270,#3271,#3272,#3273,#3274,#3275,#3276,#3277,
#3278,#3279,#3280,#3281,#3282,#3283,#3284,#3285,#3286,#3287,#3288,#3289,
#3290,#3291,#3292,#3293,#3294,#3295,#3296,#3297,#3298,#3299,#3300,#3301,
#3302,#3303,#3304,#3305,#3306,#3307,#3308,#3309,#3310,#3311,#3312,#3313,
#3314,#3315,#3316,#3317,#3318,#3319,#3320,#3321,#3322,#3323,#3324,#3325,
#3326,#3327,#3328,#3329,#3330,#3331,#3332,#3333,#3334,#3335,#3336,#3337,
#3338,#3339,#3340,#3341,#3342,#3343,#3344,#3345,#3346,#3347));
#3350=DERIVED_UNIT_ELEMENT(#3352,1.);
#3351=DERIVED_UNIT_ELEMENT(#5536,-3.);
#3352=(
MASS_UNIT()
NAMED_UNIT(*)
SI_UNIT(.KILO.,.GRAM.)
);
#3353=DERIVED_UNIT((#3350,#3351));
#3354=MEASURE_REPRESENTATION_ITEM('density measure',
POSITIVE_RATIO_MEASURE(7850.),#3353);
#3355=PROPERTY_DEFINITION_REPRESENTATION(#3360,#3357);
#3356=PROPERTY_DEFINITION_REPRESENTATION(#3361,#3358);
#3357=REPRESENTATION('material name',(#3359),#5533);
#3358=REPRESENTATION('density',(#3354),#5533);
#3359=DESCRIPTIVE_REPRESENTATION_ITEM('\X2\AC15CCA0\X0\','\X2\AC15CCA0\X0\');
#3360=PROPERTY_DEFINITION('material property','material name',#5543);
#3361=PROPERTY_DEFINITION('material property','density of part',#5543);
#3362=AXIS2_PLACEMENT_3D('',#4573,#3643,#3644);
#3363=AXIS2_PLACEMENT_3D('',#4574,#3645,#3646);
#3364=AXIS2_PLACEMENT_3D('',#4583,#3651,#3652);
#3365=AXIS2_PLACEMENT_3D('',#4589,#3656,#3657);
#3366=AXIS2_PLACEMENT_3D('',#4597,#3661,#3662);
#3367=AXIS2_PLACEMENT_3D('',#4599,#3663,#3664);
#3368=AXIS2_PLACEMENT_3D('',#4601,#3665,#3666);
#3369=AXIS2_PLACEMENT_3D('',#4603,#3667,#3668);
#3370=AXIS2_PLACEMENT_3D('',#4607,#3670,#3671);
#3371=AXIS2_PLACEMENT_3D('',#4609,#3672,#3673);
#3372=AXIS2_PLACEMENT_3D('',#4613,#3675,#3676);
#3373=AXIS2_PLACEMENT_3D('',#4617,#3678,#3679);
#3374=AXIS2_PLACEMENT_3D('',#4621,#3681,#3682);
#3375=AXIS2_PLACEMENT_3D('',#4625,#3684,#3685);
#3376=AXIS2_PLACEMENT_3D('',#4627,#3686,#3687);
#3377=AXIS2_PLACEMENT_3D('',#4629,#3688,#3689);
#3378=AXIS2_PLACEMENT_3D('',#4631,#3690,#3691);
#3379=AXIS2_PLACEMENT_3D('',#4634,#3693,#3694);
#3380=AXIS2_PLACEMENT_3D('',#4636,#3695,#3696);
#3381=AXIS2_PLACEMENT_3D('',#4637,#3697,#3698);
#3382=AXIS2_PLACEMENT_3D('',#4643,#3702,#3703);
#3383=AXIS2_PLACEMENT_3D('',#4647,#3706,#3707);
#3384=AXIS2_PLACEMENT_3D('',#4650,#3708,#3709);
#3385=AXIS2_PLACEMENT_3D('',#4654,#3711,#3712);
#3386=AXIS2_PLACEMENT_3D('',#4658,#3714,#3715);
#3387=AXIS2_PLACEMENT_3D('',#4662,#3717,#3718);
#3388=AXIS2_PLACEMENT_3D('',#4666,#3720,#3721);
#3389=AXIS2_PLACEMENT_3D('',#4670,#3723,#3724);
#3390=AXIS2_PLACEMENT_3D('',#4673,#3726,#3727);
#3391=AXIS2_PLACEMENT_3D('',#4675,#3728,#3729);
#3392=AXIS2_PLACEMENT_3D('',#4677,#3730,#3731);
#3393=AXIS2_PLACEMENT_3D('',#4679,#3732,#3733);
#3394=AXIS2_PLACEMENT_3D('',#4684,#3736,#3737);
#3395=AXIS2_PLACEMENT_3D('',#4686,#3738,#3739);
#3396=AXIS2_PLACEMENT_3D('',#4688,#3740,#3741);
#3397=AXIS2_PLACEMENT_3D('',#4690,#3742,#3743);
#3398=AXIS2_PLACEMENT_3D('',#4694,#3745,#3746);
#3399=AXIS2_PLACEMENT_3D('',#4698,#3748,#3749);
#3400=AXIS2_PLACEMENT_3D('',#4702,#3751,#3752);
#3401=AXIS2_PLACEMENT_3D('',#4706,#3754,#3755);
#3402=AXIS2_PLACEMENT_3D('',#4708,#3756,#3757);
#3403=AXIS2_PLACEMENT_3D('',#4712,#3759,#3760);
#3404=AXIS2_PLACEMENT_3D('',#4714,#3761,#3762);
#3405=AXIS2_PLACEMENT_3D('',#4716,#3763,#3764);
#3406=AXIS2_PLACEMENT_3D('',#4717,#3765,#3766);
#3407=AXIS2_PLACEMENT_3D('',#4718,#3767,#3768);
#3408=AXIS2_PLACEMENT_3D('',#4722,#3770,#3771);
#3409=AXIS2_PLACEMENT_3D('',#4724,#3773,#3774);
#3410=AXIS2_PLACEMENT_3D('',#4728,#3777,#3778);
#3411=AXIS2_PLACEMENT_3D('',#4730,#3779,#3780);
#3412=AXIS2_PLACEMENT_3D('',#4732,#3782,#3783);
#3413=AXIS2_PLACEMENT_3D('',#4735,#3785,#3786);
#3414=AXIS2_PLACEMENT_3D('',#4736,#3787,#3788);
#3415=AXIS2_PLACEMENT_3D('',#4739,#3790,#3791);
#3416=AXIS2_PLACEMENT_3D('',#4740,#3792,#3793);
#3417=AXIS2_PLACEMENT_3D('',#4742,#3794,#3795);
#3418=AXIS2_PLACEMENT_3D('',#4744,#3796,#3797);
#3419=AXIS2_PLACEMENT_3D('',#4745,#3798,#3799);
#3420=AXIS2_PLACEMENT_3D('',#4747,#3800,#3801);
#3421=AXIS2_PLACEMENT_3D('',#4749,#3802,#3803);
#3422=AXIS2_PLACEMENT_3D('',#4750,#3804,#3805);
#3423=AXIS2_PLACEMENT_3D('',#4752,#3806,#3807);
#3424=AXIS2_PLACEMENT_3D('',#4754,#3808,#3809);
#3425=AXIS2_PLACEMENT_3D('',#4755,#3810,#3811);
#3426=AXIS2_PLACEMENT_3D('',#4757,#3812,#3813);
#3427=AXIS2_PLACEMENT_3D('',#4759,#3814,#3815);
#3428=AXIS2_PLACEMENT_3D('',#4760,#3816,#3817);
#3429=AXIS2_PLACEMENT_3D('',#4762,#3819,#3820);
#3430=AXIS2_PLACEMENT_3D('',#4763,#3821,#3822);
#3431=AXIS2_PLACEMENT_3D('',#4766,#3825,#3826);
#3432=AXIS2_PLACEMENT_3D('',#4768,#3828,#3829);
#3433=AXIS2_PLACEMENT_3D('',#4770,#3831,#3832);
#3434=AXIS2_PLACEMENT_3D('',#4772,#3834,#3835);
#3435=AXIS2_PLACEMENT_3D('',#4774,#3837,#3838);
#3436=AXIS2_PLACEMENT_3D('',#4776,#3840,#3841);
#3437=AXIS2_PLACEMENT_3D('',#4778,#3843,#3844);
#3438=AXIS2_PLACEMENT_3D('',#4780,#3846,#3847);
#3439=AXIS2_PLACEMENT_3D('',#4782,#3849,#3850);
#3440=AXIS2_PLACEMENT_3D('',#4784,#3852,#3853);
#3441=AXIS2_PLACEMENT_3D('',#4786,#3855,#3856);
#3442=AXIS2_PLACEMENT_3D('',#4787,#3857,#3858);
#3443=AXIS2_PLACEMENT_3D('',#4791,#3860,#3861);
#3444=AXIS2_PLACEMENT_3D('',#4793,#3863,#3864);
#3445=AXIS2_PLACEMENT_3D('',#4797,#3867,#3868);
#3446=AXIS2_PLACEMENT_3D('',#4800,#3870,#3871);
#3447=AXIS2_PLACEMENT_3D('',#4801,#3872,#3873);
#3448=AXIS2_PLACEMENT_3D('',#4805,#3876,#3877);
#3449=AXIS2_PLACEMENT_3D('',#4808,#3879,#3880);
#3450=AXIS2_PLACEMENT_3D('',#4809,#3881,#3882);
#3451=AXIS2_PLACEMENT_3D('',#4813,#3885,#3886);
#3452=AXIS2_PLACEMENT_3D('',#4816,#3888,#3889);
#3453=AXIS2_PLACEMENT_3D('',#4819,#3891,#3892);
#3454=AXIS2_PLACEMENT_3D('',#4821,#3893,#3894);
#3455=AXIS2_PLACEMENT_3D('',#4823,#3895,#3896);
#3456=AXIS2_PLACEMENT_3D('',#4825,#3897,#3898);
#3457=AXIS2_PLACEMENT_3D('',#4826,#3899,#3900);
#3458=AXIS2_PLACEMENT_3D('',#4829,#3903,#3904);
#3459=AXIS2_PLACEMENT_3D('',#4831,#3906,#3907);
#3460=AXIS2_PLACEMENT_3D('',#4833,#3909,#3910);
#3461=AXIS2_PLACEMENT_3D('',#4834,#3911,#3912);
#3462=AXIS2_PLACEMENT_3D('',#4835,#3913,#3914);
#3463=AXIS2_PLACEMENT_3D('',#4836,#3915,#3916);
#3464=AXIS2_PLACEMENT_3D('',#4838,#3918,#3919);
#3465=AXIS2_PLACEMENT_3D('',#4840,#3921,#3922);
#3466=AXIS2_PLACEMENT_3D('',#4842,#3924,#3925);
#3467=AXIS2_PLACEMENT_3D('',#4844,#3927,#3928);
#3468=AXIS2_PLACEMENT_3D('',#4846,#3930,#3931);
#3469=AXIS2_PLACEMENT_3D('',#4848,#3933,#3934);
#3470=AXIS2_PLACEMENT_3D('',#4850,#3936,#3937);
#3471=AXIS2_PLACEMENT_3D('',#4852,#3939,#3940);
#3472=AXIS2_PLACEMENT_3D('',#4854,#3942,#3943);
#3473=AXIS2_PLACEMENT_3D('',#4856,#3945,#3946);
#3474=AXIS2_PLACEMENT_3D('',#4857,#3947,#3948);
#3475=AXIS2_PLACEMENT_3D('',#4860,#3949,#3950);
#3476=AXIS2_PLACEMENT_3D('',#4864,#3952,#3953);
#3477=AXIS2_PLACEMENT_3D('',#4866,#3955,#3956);
#3478=AXIS2_PLACEMENT_3D('',#4869,#3957,#3958);
#3479=AXIS2_PLACEMENT_3D('',#4873,#3960,#3961);
#3480=AXIS2_PLACEMENT_3D('',#4875,#3963,#3964);
#3481=AXIS2_PLACEMENT_3D('',#4879,#3966,#3967);
#3482=AXIS2_PLACEMENT_3D('',#4883,#3969,#3970);
#3483=AXIS2_PLACEMENT_3D('',#4887,#3972,#3973);
#3484=AXIS2_PLACEMENT_3D('',#4891,#3975,#3976);
#3485=AXIS2_PLACEMENT_3D('',#4916,#3989,#3990);
#3486=AXIS2_PLACEMENT_3D('',#4926,#3995,#3996);
#3487=AXIS2_PLACEMENT_3D('',#4928,#3998,#3999);
#3488=AXIS2_PLACEMENT_3D('',#4937,#4004,#4005);
#3489=AXIS2_PLACEMENT_3D('',#4945,#4010,#4011);
#3490=AXIS2_PLACEMENT_3D('',#4951,#4015,#4016);
#3491=AXIS2_PLACEMENT_3D('',#4954,#4019,#4020);
#3492=AXIS2_PLACEMENT_3D('',#4955,#4021,#4022);
#3493=AXIS2_PLACEMENT_3D('',#4977,#4033,#4034);
#3494=AXIS2_PLACEMENT_3D('',#4981,#4036,#4037);
#3495=AXIS2_PLACEMENT_3D('',#5001,#4047,#4048);
#3496=AXIS2_PLACEMENT_3D('',#5005,#4050,#4051);
#3497=AXIS2_PLACEMENT_3D('',#5023,#4061,#4062);
#3498=AXIS2_PLACEMENT_3D('',#5026,#4063,#4064);
#3499=AXIS2_PLACEMENT_3D('',#5030,#4066,#4067);
#3500=AXIS2_PLACEMENT_3D('',#5032,#4069,#4070);
#3501=AXIS2_PLACEMENT_3D('',#5038,#4074,#4075);
#3502=AXIS2_PLACEMENT_3D('',#5048,#4081,#4082);
#3503=AXIS2_PLACEMENT_3D('',#5058,#4088,#4089);
#3504=AXIS2_PLACEMENT_3D('',#5064,#4093,#4094);
#3505=AXIS2_PLACEMENT_3D('',#5066,#4095,#4096);
#3506=AXIS2_PLACEMENT_3D('',#5067,#4097,#4098);
#3507=AXIS2_PLACEMENT_3D('',#5069,#4099,#4100);
#3508=AXIS2_PLACEMENT_3D('',#5070,#4101,#4102);
#3509=AXIS2_PLACEMENT_3D('',#5072,#4103,#4104);
#3510=AXIS2_PLACEMENT_3D('',#5073,#4105,#4106);
#3511=AXIS2_PLACEMENT_3D('',#5075,#4107,#4108);
#3512=AXIS2_PLACEMENT_3D('',#5076,#4109,#4110);
#3513=AXIS2_PLACEMENT_3D('',#5083,#4114,#4115);
#3514=AXIS2_PLACEMENT_3D('',#5084,#4116,#4117);
#3515=AXIS2_PLACEMENT_3D('',#5091,#4121,#4122);
#3516=AXIS2_PLACEMENT_3D('',#5092,#4123,#4124);
#3517=AXIS2_PLACEMENT_3D('',#5099,#4128,#4129);
#3518=AXIS2_PLACEMENT_3D('',#5100,#4130,#4131);
#3519=AXIS2_PLACEMENT_3D('',#5107,#4135,#4136);
#3520=AXIS2_PLACEMENT_3D('',#5108,#4137,#4138);
#3521=AXIS2_PLACEMENT_3D('',#5111,#4141,#4142);
#3522=AXIS2_PLACEMENT_3D('',#5113,#4144,#4145);
#3523=AXIS2_PLACEMENT_3D('',#5117,#4147,#4148);
#3524=AXIS2_PLACEMENT_3D('',#5121,#4150,#4151);
#3525=AXIS2_PLACEMENT_3D('',#5125,#4153,#4154);
#3526=AXIS2_PLACEMENT_3D('',#5129,#4156,#4157);
#3527=AXIS2_PLACEMENT_3D('',#5133,#4160,#4161);
#3528=AXIS2_PLACEMENT_3D('',#5135,#4162,#4163);
#3529=AXIS2_PLACEMENT_3D('',#5137,#4164,#4165);
#3530=AXIS2_PLACEMENT_3D('',#5139,#4166,#4167);
#3531=AXIS2_PLACEMENT_3D('',#5142,#4168,#4169);
#3532=AXIS2_PLACEMENT_3D('',#5146,#4171,#4172);
#3533=AXIS2_PLACEMENT_3D('',#5151,#4175,#4176);
#3534=AXIS2_PLACEMENT_3D('',#5155,#4178,#4179);
#3535=AXIS2_PLACEMENT_3D('',#5159,#4181,#4182);
#3536=AXIS2_PLACEMENT_3D('',#5177,#4192,#4193);
#3537=AXIS2_PLACEMENT_3D('',#5178,#4194,#4195);
#3538=AXIS2_PLACEMENT_3D('',#5181,#4198,#4199);
#3539=AXIS2_PLACEMENT_3D('',#5183,#4201,#4202);
#3540=AXIS2_PLACEMENT_3D('',#5185,#4204,#4205);
#3541=AXIS2_PLACEMENT_3D('',#5188,#4208,#4209);
#3542=AXIS2_PLACEMENT_3D('',#5189,#4210,#4211);
#3543=AXIS2_PLACEMENT_3D('',#5192,#4214,#4215);
#3544=AXIS2_PLACEMENT_3D('',#5193,#4216,#4217);
#3545=AXIS2_PLACEMENT_3D('',#5194,#4218,#4219);
#3546=AXIS2_PLACEMENT_3D('',#5214,#4230,#4231);
#3547=AXIS2_PLACEMENT_3D('',#5218,#4234,#4235);
#3548=AXIS2_PLACEMENT_3D('',#5224,#4239,#4240);
#3549=AXIS2_PLACEMENT_3D('',#5230,#4244,#4245);
#3550=AXIS2_PLACEMENT_3D('',#5236,#4249,#4250);
#3551=AXIS2_PLACEMENT_3D('',#5240,#4253,#4254);
#3552=AXIS2_PLACEMENT_3D('',#5246,#4258,#4259);
#3553=AXIS2_PLACEMENT_3D('',#5248,#4261,#4262);
#3554=AXIS2_PLACEMENT_3D('',#5252,#4265,#4266);
#3555=AXIS2_PLACEMENT_3D('',#5254,#4268,#4269);
#3556=AXIS2_PLACEMENT_3D('',#5260,#4273,#4274);
#3557=AXIS2_PLACEMENT_3D('',#5279,#4285,#4286);
#3558=AXIS2_PLACEMENT_3D('',#5281,#4288,#4289);
#3559=AXIS2_PLACEMENT_3D('',#5287,#4293,#4294);
#3560=AXIS2_PLACEMENT_3D('',#5289,#4296,#4297);
#3561=AXIS2_PLACEMENT_3D('',#5291,#4299,#4300);
#3562=AXIS2_PLACEMENT_3D('',#5293,#4302,#4303);
#3563=AXIS2_PLACEMENT_3D('',#5296,#4306,#4307);
#3564=AXIS2_PLACEMENT_3D('',#5302,#4311,#4312);
#3565=AXIS2_PLACEMENT_3D('',#5308,#4316,#4317);
#3566=AXIS2_PLACEMENT_3D('',#5310,#4319,#4320);
#3567=AXIS2_PLACEMENT_3D('',#5312,#4322,#4323);
#3568=AXIS2_PLACEMENT_3D('',#5314,#4325,#4326);
#3569=AXIS2_PLACEMENT_3D('',#5316,#4328,#4329);
#3570=AXIS2_PLACEMENT_3D('',#5319,#4332,#4333);
#3571=AXIS2_PLACEMENT_3D('',#5322,#4336,#4337);
#3572=AXIS2_PLACEMENT_3D('',#5325,#4340,#4341);
#3573=AXIS2_PLACEMENT_3D('',#5327,#4343,#4344);
#3574=AXIS2_PLACEMENT_3D('',#5331,#4347,#4348);
#3575=AXIS2_PLACEMENT_3D('',#5333,#4350,#4351);
#3576=AXIS2_PLACEMENT_3D('',#5335,#4353,#4354);
#3577=AXIS2_PLACEMENT_3D('',#5339,#4356,#4357);
#3578=AXIS2_PLACEMENT_3D('',#5341,#4359,#4360);
#3579=AXIS2_PLACEMENT_3D('',#5346,#4364,#4365);
#3580=AXIS2_PLACEMENT_3D('',#5347,#4366,#4367);
#3581=AXIS2_PLACEMENT_3D('',#5353,#4373,#4374);
#3582=AXIS2_PLACEMENT_3D('',#5354,#4375,#4376);
#3583=AXIS2_PLACEMENT_3D('',#5360,#4380,#4381);
#3584=AXIS2_PLACEMENT_3D('',#5366,#4385,#4386);
#3585=AXIS2_PLACEMENT_3D('',#5375,#4391,#4392);
#3586=AXIS2_PLACEMENT_3D('',#5380,#4396,#4397);
#3587=AXIS2_PLACEMENT_3D('',#5383,#4400,#4401);
#3588=AXIS2_PLACEMENT_3D('',#5385,#4403,#4404);
#3589=AXIS2_PLACEMENT_3D('',#5391,#4408,#4409);
#3590=AXIS2_PLACEMENT_3D('',#5393,#4411,#4412);
#3591=AXIS2_PLACEMENT_3D('',#5394,#4413,#4414);
#3592=AXIS2_PLACEMENT_3D('',#5400,#4418,#4419);
#3593=AXIS2_PLACEMENT_3D('',#5404,#4422,#4423);
#3594=AXIS2_PLACEMENT_3D('',#5406,#4424,#4425);
#3595=AXIS2_PLACEMENT_3D('',#5408,#4427,#4428);
#3596=AXIS2_PLACEMENT_3D('',#5410,#4430,#4431);
#3597=AXIS2_PLACEMENT_3D('',#5414,#4434,#4435);
#3598=AXIS2_PLACEMENT_3D('',#5416,#4437,#4438);
#3599=AXIS2_PLACEMENT_3D('',#5425,#4443,#4444);
#3600=AXIS2_PLACEMENT_3D('',#5432,#4449,#4450);
#3601=AXIS2_PLACEMENT_3D('',#5436,#4453,#4454);
#3602=AXIS2_PLACEMENT_3D('',#5438,#4456,#4457);
#3603=AXIS2_PLACEMENT_3D('',#5442,#4460,#4461);
#3604=AXIS2_PLACEMENT_3D('',#5443,#4462,#4463);
#3605=AXIS2_PLACEMENT_3D('',#5446,#4466,#4467);
#3606=AXIS2_PLACEMENT_3D('',#5452,#4471,#4472);
#3607=AXIS2_PLACEMENT_3D('',#5453,#4473,#4474);
#3608=AXIS2_PLACEMENT_3D('',#5455,#4476,#4477);
#3609=AXIS2_PLACEMENT_3D('',#5457,#4479,#4480);
#3610=AXIS2_PLACEMENT_3D('',#5459,#4482,#4483);
#3611=AXIS2_PLACEMENT_3D('',#5461,#4485,#4486);
#3612=AXIS2_PLACEMENT_3D('',#5462,#4487,#4488);
#3613=AXIS2_PLACEMENT_3D('',#5463,#4489,#4490);
#3614=AXIS2_PLACEMENT_3D('',#5465,#4492,#4493);
#3615=AXIS2_PLACEMENT_3D('',#5466,#4494,#4495);
#3616=AXIS2_PLACEMENT_3D('',#5467,#4496,#4497);
#3617=AXIS2_PLACEMENT_3D('',#5468,#4498,#4499);
#3618=AXIS2_PLACEMENT_3D('',#5470,#4501,#4502);
#3619=AXIS2_PLACEMENT_3D('',#5471,#4503,#4504);
#3620=AXIS2_PLACEMENT_3D('',#5472,#4505,#4506);
#3621=AXIS2_PLACEMENT_3D('',#5474,#4508,#4509);
#3622=AXIS2_PLACEMENT_3D('',#5475,#4510,#4511);
#3623=AXIS2_PLACEMENT_3D('',#5478,#4513,#4514);
#3624=AXIS2_PLACEMENT_3D('',#5479,#4515,#4516);
#3625=AXIS2_PLACEMENT_3D('',#5482,#4518,#4519);
#3626=AXIS2_PLACEMENT_3D('',#5483,#4520,#4521);
#3627=AXIS2_PLACEMENT_3D('',#5486,#4523,#4524);
#3628=AXIS2_PLACEMENT_3D('',#5487,#4525,#4526);
#3629=AXIS2_PLACEMENT_3D('',#5490,#4528,#4529);
#3630=AXIS2_PLACEMENT_3D('',#5491,#4530,#4531);
#3631=AXIS2_PLACEMENT_3D('',#5492,#4532,#4533);
#3632=AXIS2_PLACEMENT_3D('',#5493,#4534,#4535);
#3633=AXIS2_PLACEMENT_3D('',#5494,#4536,#4537);
#3634=AXIS2_PLACEMENT_3D('',#5495,#4538,#4539);
#3635=AXIS2_PLACEMENT_3D('',#5496,#4540,#4541);
#3636=AXIS2_PLACEMENT_3D('',#5505,#4546,#4547);
#3637=AXIS2_PLACEMENT_3D('',#5511,#4551,#4552);
#3638=AXIS2_PLACEMENT_3D('',#5517,#4556,#4557);
#3639=AXIS2_PLACEMENT_3D('',#5523,#4561,#4562);
#3640=AXIS2_PLACEMENT_3D('',#5526,#4565,#4566);
#3641=AXIS2_PLACEMENT_3D('',#5528,#4568,#4569);
#3642=AXIS2_PLACEMENT_3D('',#5530,#4571,#4572);
#3643=DIRECTION('axis',(0.,0.,1.));
#3644=DIRECTION('refdir',(1.,0.,0.));
#3645=DIRECTION('center_axis',(0.,-1.,0.));
#3646=DIRECTION('ref_axis',(0.,0.,-1.));
#3647=DIRECTION('',(0.,0.,-1.));
#3648=DIRECTION('',(1.,0.,0.));
#3649=DIRECTION('',(0.,0.,1.));
#3650=DIRECTION('',(1.,0.,0.));
#3651=DIRECTION('center_axis',(-1.,0.,0.));
#3652=DIRECTION('ref_axis',(0.,0.,1.));
#3653=DIRECTION('',(0.,1.,0.));
#3654=DIRECTION('',(0.,0.,1.));
#3655=DIRECTION('',(0.,-1.,0.));
#3656=DIRECTION('center_axis',(0.,0.,1.));
#3657=DIRECTION('ref_axis',(-1.,0.,0.));
#3658=DIRECTION('',(0.,-1.,0.));
#3659=DIRECTION('',(1.,0.,0.));
#3660=DIRECTION('',(0.,-1.,0.));
#3661=DIRECTION('center_axis',(0.,0.,1.));
#3662=DIRECTION('ref_axis',(0.659404551563021,0.751788292924259,0.));
#3663=DIRECTION('center_axis',(0.,0.,-1.));
#3664=DIRECTION('ref_axis',(-1.,0.,0.));
#3665=DIRECTION('center_axis',(0.,0.,1.));
#3666=DIRECTION('ref_axis',(0.659404551563021,0.751788292924259,0.));
#3667=DIRECTION('center_axis',(0.,0.,1.));
#3668=DIRECTION('ref_axis',(0.978205532741159,0.207638955195274,0.));
#3669=DIRECTION('',(0.,1.,0.));
#3670=DIRECTION('center_axis',(0.,0.,1.));
#3671=DIRECTION('ref_axis',(-1.,0.,0.));
#3672=DIRECTION('center_axis',(0.,0.,1.));
#3673=DIRECTION('ref_axis',(-1.,0.,0.));
#3674=DIRECTION('',(0.,1.,0.));
#3675=DIRECTION('center_axis',(0.,0.,-1.));
#3676=DIRECTION('ref_axis',(-1.,0.,0.));
#3677=DIRECTION('',(1.,0.,0.));
#3678=DIRECTION('center_axis',(0.,0.,-1.));
#3679=DIRECTION('ref_axis',(-1.,0.,0.));
#3680=DIRECTION('',(0.,-1.,0.));
#3681=DIRECTION('center_axis',(0.,0.,1.));
#3682=DIRECTION('ref_axis',(-1.,0.,0.));
#3683=DIRECTION('',(0.,-1.,0.));
#3684=DIRECTION('center_axis',(0.,0.,1.));
#3685=DIRECTION('ref_axis',(-0.574607076553358,0.818429415145132,0.));
#3686=DIRECTION('center_axis',(0.,0.,1.));
#3687=DIRECTION('ref_axis',(-0.116305557764507,0.993213480190984,0.));
#3688=DIRECTION('center_axis',(0.,0.,-1.));
#3689=DIRECTION('ref_axis',(-1.,0.,0.));
#3690=DIRECTION('center_axis',(0.,0.,1.));
#3691=DIRECTION('ref_axis',(-0.116305557764507,0.993213480190984,0.));
#3692=DIRECTION('',(1.,0.,0.));
#3693=DIRECTION('center_axis',(0.,0.,1.));
#3694=DIRECTION('ref_axis',(-1.,0.,0.));
#3695=DIRECTION('center_axis',(0.,0.,1.));
#3696=DIRECTION('ref_axis',(-1.,0.,0.));
#3697=DIRECTION('center_axis',(0.,1.,0.));
#3698=DIRECTION('ref_axis',(0.,0.,1.));
#3699=DIRECTION('',(1.,0.,0.));
#3700=DIRECTION('',(0.,0.,1.));
#3701=DIRECTION('',(0.,0.,-1.));
#3702=DIRECTION('center_axis',(1.,0.,0.));
#3703=DIRECTION('ref_axis',(0.,0.,-1.));
#3704=DIRECTION('',(0.,1.,0.));
#3705=DIRECTION('',(0.,0.,-1.));
#3706=DIRECTION('center_axis',(0.,0.,-1.));
#3707=DIRECTION('ref_axis',(1.,0.,0.));
#3708=DIRECTION('center_axis',(0.,0.,1.));
#3709=DIRECTION('ref_axis',(0.,-1.,0.));
#3710=DIRECTION('',(1.,-5.37121358046806E-16,0.));
#3711=DIRECTION('center_axis',(0.,0.,1.));
#3712=DIRECTION('ref_axis',(0.86602540378441,-0.500000000000051,0.));
#3713=DIRECTION('',(1.,-1.4041201482105E-16,0.));
#3714=DIRECTION('center_axis',(0.,0.,-1.));
#3715=DIRECTION('ref_axis',(0.978205532741159,0.207638955195274,0.));
#3716=DIRECTION('',(0.,-1.,0.));
#3717=DIRECTION('center_axis',(0.,0.,-1.));
#3718=DIRECTION('ref_axis',(0.431141205823988,-0.902284467693331,0.));
#3719=DIRECTION('',(-1.,0.,0.));
#3720=DIRECTION('center_axis',(0.,0.,-1.));
#3721=DIRECTION('ref_axis',(-0.892452063048678,-0.451142233846665,0.));
#3722=DIRECTION('',(0.,1.,0.));
#3723=DIRECTION('center_axis',(0.,0.,-1.));
#3724=DIRECTION('ref_axis',(-0.544493000764277,0.83876538562265,0.));
#3725=DIRECTION('',(1.,0.,0.));
#3726=DIRECTION('center_axis',(0.,0.,1.));
#3727=DIRECTION('ref_axis',(1.,0.,0.));
#3728=DIRECTION('center_axis',(0.,0.,1.));
#3729=DIRECTION('ref_axis',(-1.,0.,0.));
#3730=DIRECTION('center_axis',(0.,0.,1.));
#3731=DIRECTION('ref_axis',(-1.,0.,0.));
#3732=DIRECTION('center_axis',(0.,0.,1.));
#3733=DIRECTION('ref_axis',(-1.,0.,0.));
#3734=DIRECTION('',(0.,-1.,0.));
#3735=DIRECTION('',(1.,0.,0.));
#3736=DIRECTION('center_axis',(0.,0.,1.));
#3737=DIRECTION('ref_axis',(-0.116305557764507,0.993213480190984,0.));
#3738=DIRECTION('center_axis',(0.,0.,-1.));
#3739=DIRECTION('ref_axis',(-1.,0.,0.));
#3740=DIRECTION('center_axis',(0.,0.,1.));
#3741=DIRECTION('ref_axis',(-0.116305557764507,0.993213480190984,0.));
#3742=DIRECTION('center_axis',(0.,0.,1.));
#3743=DIRECTION('ref_axis',(-0.574607076553358,0.818429415145132,0.));
#3744=DIRECTION('',(0.,-1.,0.));
#3745=DIRECTION('center_axis',(0.,0.,1.));
#3746=DIRECTION('ref_axis',(-1.,0.,0.));
#3747=DIRECTION('',(0.,-1.,0.));
#3748=DIRECTION('center_axis',(0.,0.,-1.));
#3749=DIRECTION('ref_axis',(-1.,0.,0.));
#3750=DIRECTION('',(1.,0.,0.));
#3751=DIRECTION('center_axis',(0.,0.,-1.));
#3752=DIRECTION('ref_axis',(-1.,0.,0.));
#3753=DIRECTION('',(0.,1.,0.));
#3754=DIRECTION('center_axis',(0.,0.,1.));
#3755=DIRECTION('ref_axis',(-1.,0.,0.));
#3756=DIRECTION('center_axis',(0.,0.,1.));
#3757=DIRECTION('ref_axis',(-1.,0.,0.));
#3758=DIRECTION('',(0.,1.,0.));
#3759=DIRECTION('center_axis',(0.,0.,1.));
#3760=DIRECTION('ref_axis',(0.978205532741159,0.207638955195274,0.));
#3761=DIRECTION('center_axis',(0.,0.,1.));
#3762=DIRECTION('ref_axis',(0.659404551563021,0.751788292924259,0.));
#3763=DIRECTION('center_axis',(0.,0.,-1.));
#3764=DIRECTION('ref_axis',(-1.,0.,0.));
#3765=DIRECTION('center_axis',(0.,0.,1.));
#3766=DIRECTION('ref_axis',(0.659404551563021,0.751788292924259,0.));
#3767=DIRECTION('center_axis',(0.,0.,1.));
#3768=DIRECTION('ref_axis',(0.,-1.,0.));
#3769=DIRECTION('',(0.,0.,-1.));
#3770=DIRECTION('center_axis',(0.,0.,-1.));
#3771=DIRECTION('ref_axis',(0.,-1.,0.));
#3772=DIRECTION('',(0.,0.,1.));
#3773=DIRECTION('center_axis',(5.37121358046806E-16,1.,0.));
#3774=DIRECTION('ref_axis',(-1.,5.37121358046806E-16,0.));
#3775=DIRECTION('',(-1.,5.37121358046806E-16,0.));
#3776=DIRECTION('',(0.,0.,1.));
#3777=DIRECTION('center_axis',(0.,0.,1.));
#3778=DIRECTION('ref_axis',(0.86602540378441,-0.500000000000051,0.));
#3779=DIRECTION('center_axis',(0.,0.,-1.));
#3780=DIRECTION('ref_axis',(0.86602540378441,-0.500000000000051,0.));
#3781=DIRECTION('',(0.,0.,1.));
#3782=DIRECTION('center_axis',(0.,0.,-1.));
#3783=DIRECTION('ref_axis',(-1.,0.,0.));
#3784=DIRECTION('',(0.,0.,1.));
#3785=DIRECTION('center_axis',(0.,0.,-1.));
#3786=DIRECTION('ref_axis',(-1.,0.,0.));
#3787=DIRECTION('center_axis',(0.,0.,-1.));
#3788=DIRECTION('ref_axis',(-1.,0.,0.));
#3789=DIRECTION('',(0.,0.,1.));
#3790=DIRECTION('center_axis',(0.,0.,-1.));
#3791=DIRECTION('ref_axis',(-1.,0.,0.));
#3792=DIRECTION('center_axis',(0.,0.,-1.));
#3793=DIRECTION('ref_axis',(1.,0.,0.));
#3794=DIRECTION('center_axis',(0.,0.,-1.));
#3795=DIRECTION('ref_axis',(0.,-1.,0.));
#3796=DIRECTION('center_axis',(0.,0.,1.));
#3797=DIRECTION('ref_axis',(1.,0.,0.));
#3798=DIRECTION('center_axis',(0.,0.,1.));
#3799=DIRECTION('ref_axis',(-1.,0.,0.));
#3800=DIRECTION('center_axis',(0.,0.,-1.));
#3801=DIRECTION('ref_axis',(-0.969752838422349,0.244088984535964,0.));
#3802=DIRECTION('center_axis',(0.,0.,1.));
#3803=DIRECTION('ref_axis',(-1.,0.,0.));
#3804=DIRECTION('center_axis',(0.,0.,1.));
#3805=DIRECTION('ref_axis',(-1.,0.,0.));
#3806=DIRECTION('center_axis',(0.,0.,-1.));
#3807=DIRECTION('ref_axis',(1.,0.,0.));
#3808=DIRECTION('center_axis',(0.,0.,1.));
#3809=DIRECTION('ref_axis',(-1.,0.,0.));
#3810=DIRECTION('center_axis',(0.,0.,1.));
#3811=DIRECTION('ref_axis',(-1.,0.,0.));
#3812=DIRECTION('center_axis',(0.,0.,-1.));
#3813=DIRECTION('ref_axis',(-0.954054724652535,-0.299632412078826,0.));
#3814=DIRECTION('center_axis',(0.,0.,1.));
#3815=DIRECTION('ref_axis',(-1.,0.,0.));
#3816=DIRECTION('center_axis',(0.,0.,1.));
#3817=DIRECTION('ref_axis',(1.,0.,0.));
#3818=DIRECTION('',(0.,0.,-1.));
#3819=DIRECTION('center_axis',(1.,0.,0.));
#3820=DIRECTION('ref_axis',(0.,0.,-1.));
#3821=DIRECTION('center_axis',(0.,0.,-1.));
#3822=DIRECTION('ref_axis',(-1.,0.,0.));
#3823=DIRECTION('',(0.,0.,-1.));
#3824=DIRECTION('',(0.,0.,1.));
#3825=DIRECTION('center_axis',(0.,1.,0.));
#3826=DIRECTION('ref_axis',(-1.,0.,0.));
#3827=DIRECTION('',(0.,0.,1.));
#3828=DIRECTION('center_axis',(0.,0.,-1.));
#3829=DIRECTION('ref_axis',(0.70710678118655,0.707106781186545,0.));
#3830=DIRECTION('',(0.,0.,1.));
#3831=DIRECTION('center_axis',(1.,0.,0.));
#3832=DIRECTION('ref_axis',(0.,1.,0.));
#3833=DIRECTION('',(0.,0.,-1.));
#3834=DIRECTION('center_axis',(0.,0.,1.));
#3835=DIRECTION('ref_axis',(-1.,0.,0.));
#3836=DIRECTION('',(0.,0.,-1.));
#3837=DIRECTION('center_axis',(1.,0.,0.));
#3838=DIRECTION('ref_axis',(0.,1.,0.));
#3839=DIRECTION('',(0.,0.,1.));
#3840=DIRECTION('center_axis',(0.,0.,1.));
#3841=DIRECTION('ref_axis',(-0.574607076553358,0.818429415145132,0.));
#3842=DIRECTION('',(0.,0.,1.));
#3843=DIRECTION('center_axis',(0.,0.,-1.));
#3844=DIRECTION('ref_axis',(0.659404551563021,0.751788292924259,0.));
#3845=DIRECTION('',(0.,0.,1.));
#3846=DIRECTION('center_axis',(0.,0.,-1.));
#3847=DIRECTION('ref_axis',(-0.116305557764507,0.993213480190984,0.));
#3848=DIRECTION('',(0.,0.,1.));
#3849=DIRECTION('center_axis',(0.,0.,-1.));
#3850=DIRECTION('ref_axis',(0.271973982171395,-0.962304605113076,0.));
#3851=DIRECTION('',(0.,0.,1.));
#3852=DIRECTION('center_axis',(0.,0.,-1.));
#3853=DIRECTION('ref_axis',(-0.116305557764507,0.993213480190984,0.));
#3854=DIRECTION('',(0.,0.,-1.));
#3855=DIRECTION('center_axis',(5.29825461658171E-17,-1.,0.));
#3856=DIRECTION('ref_axis',(-1.,-5.29825461658171E-17,0.));
#3857=DIRECTION('center_axis',(0.,0.,1.));
#3858=DIRECTION('ref_axis',(-0.544493000764277,0.83876538562265,0.));
#3859=DIRECTION('',(0.,0.,-1.));
#3860=DIRECTION('center_axis',(0.,0.,1.));
#3861=DIRECTION('ref_axis',(-0.544493000764277,0.83876538562265,0.));
#3862=DIRECTION('',(0.,0.,1.));
#3863=DIRECTION('center_axis',(-1.,0.,0.));
#3864=DIRECTION('ref_axis',(0.,-1.,0.));
#3865=DIRECTION('',(0.,0.,1.));
#3866=DIRECTION('',(0.,-1.,0.));
#3867=DIRECTION('center_axis',(0.,0.,1.));
#3868=DIRECTION('ref_axis',(-0.892452063048678,-0.451142233846665,0.));
#3869=DIRECTION('',(0.,0.,1.));
#3870=DIRECTION('center_axis',(0.,0.,1.));
#3871=DIRECTION('ref_axis',(-0.892452063048678,-0.451142233846665,0.));
#3872=DIRECTION('center_axis',(0.,-1.,0.));
#3873=DIRECTION('ref_axis',(1.,0.,0.));
#3874=DIRECTION('',(0.,0.,1.));
#3875=DIRECTION('',(1.,0.,0.));
#3876=DIRECTION('center_axis',(0.,0.,1.));
#3877=DIRECTION('ref_axis',(0.431141205823988,-0.902284467693331,0.));
#3878=DIRECTION('',(0.,0.,1.));
#3879=DIRECTION('center_axis',(0.,0.,1.));
#3880=DIRECTION('ref_axis',(0.431141205823988,-0.902284467693331,0.));
#3881=DIRECTION('center_axis',(1.,0.,0.));
#3882=DIRECTION('ref_axis',(0.,1.,0.));
#3883=DIRECTION('',(0.,0.,1.));
#3884=DIRECTION('',(0.,1.,0.));
#3885=DIRECTION('center_axis',(0.,0.,1.));
#3886=DIRECTION('ref_axis',(1.,0.,0.));
#3887=DIRECTION('',(-1.,0.,0.));
#3888=DIRECTION('center_axis',(0.,0.,1.));
#3889=DIRECTION('ref_axis',(0.978205532741159,0.207638955195274,0.));
#3890=DIRECTION('',(-1.,0.,0.));
#3891=DIRECTION('center_axis',(0.,0.,-1.));
#3892=DIRECTION('ref_axis',(-0.954054724652535,-0.299632412078826,0.));
#3893=DIRECTION('center_axis',(0.,0.,-1.));
#3894=DIRECTION('ref_axis',(1.,0.,0.));
#3895=DIRECTION('center_axis',(0.,0.,-1.));
#3896=DIRECTION('ref_axis',(0.,-1.,0.));
#3897=DIRECTION('center_axis',(0.,0.,-1.));
#3898=DIRECTION('ref_axis',(-0.969752838422349,0.244088984535964,0.));
#3899=DIRECTION('center_axis',(0.,0.,1.));
#3900=DIRECTION('ref_axis',(-1.,0.,0.));
#3901=DIRECTION('',(0.,0.,1.));
#3902=DIRECTION('',(0.,0.,1.));
#3903=DIRECTION('center_axis',(0.,0.,1.));
#3904=DIRECTION('ref_axis',(-1.,0.,0.));
#3905=DIRECTION('',(0.,0.,-1.));
#3906=DIRECTION('center_axis',(0.,0.,1.));
#3907=DIRECTION('ref_axis',(0.978205532741159,0.207638955195274,0.));
#3908=DIRECTION('',(0.,0.,-1.));
#3909=DIRECTION('center_axis',(0.,-1.,0.));
#3910=DIRECTION('ref_axis',(1.,0.,0.));
#3911=DIRECTION('center_axis',(0.,-1.,0.));
#3912=DIRECTION('ref_axis',(1.,0.,0.));
#3913=DIRECTION('center_axis',(-1.,0.,0.));
#3914=DIRECTION('ref_axis',(0.,-1.,0.));
#3915=DIRECTION('center_axis',(-1.,0.,0.));
#3916=DIRECTION('ref_axis',(0.,-1.,0.));
#3917=DIRECTION('',(0.,0.,1.));
#3918=DIRECTION('center_axis',(0.,0.,1.));
#3919=DIRECTION('ref_axis',(-0.954054724652535,-0.299632412078826,0.));
#3920=DIRECTION('',(0.,0.,-1.));
#3921=DIRECTION('center_axis',(0.,0.,1.));
#3922=DIRECTION('ref_axis',(-0.969752838422349,0.244088984535964,0.));
#3923=DIRECTION('',(0.,0.,-1.));
#3924=DIRECTION('center_axis',(0.,0.,1.));
#3925=DIRECTION('ref_axis',(1.,0.,0.));
#3926=DIRECTION('',(0.,0.,-1.));
#3927=DIRECTION('center_axis',(0.,0.,1.));
#3928=DIRECTION('ref_axis',(0.,-1.,0.));
#3929=DIRECTION('',(0.,0.,-1.));
#3930=DIRECTION('center_axis',(0.,0.,-1.));
#3931=DIRECTION('ref_axis',(-1.,0.,0.));
#3932=DIRECTION('',(0.,0.,-1.));
#3933=DIRECTION('center_axis',(0.,0.,1.));
#3934=DIRECTION('ref_axis',(-1.,0.,0.));
#3935=DIRECTION('',(0.,0.,-1.));
#3936=DIRECTION('center_axis',(0.,0.,1.));
#3937=DIRECTION('ref_axis',(-1.,0.,0.));
#3938=DIRECTION('',(0.,0.,-1.));
#3939=DIRECTION('center_axis',(0.,0.,1.));
#3940=DIRECTION('ref_axis',(-1.,0.,0.));
#3941=DIRECTION('',(0.,0.,-1.));
#3942=DIRECTION('center_axis',(0.,0.,-1.));
#3943=DIRECTION('ref_axis',(0.659404551563021,0.751788292924259,0.));
#3944=DIRECTION('',(0.,0.,-1.));
#3945=DIRECTION('center_axis',(0.,0.,1.));
#3946=DIRECTION('ref_axis',(0.978205532741159,0.207638955195274,0.));
#3947=DIRECTION('center_axis',(0.,0.,1.));
#3948=DIRECTION('ref_axis',(-0.866025403784405,-0.500000000000059,0.));
#3949=DIRECTION('center_axis',(0.,0.,1.));
#3950=DIRECTION('ref_axis',(-0.866025403784405,-0.500000000000059,0.));
#3951=DIRECTION('',(0.,0.,-1.));
#3952=DIRECTION('center_axis',(0.,0.,-1.));
#3953=DIRECTION('ref_axis',(-0.866025403784405,-0.500000000000059,0.));
#3954=DIRECTION('',(0.,0.,-1.));
#3955=DIRECTION('center_axis',(0.,0.,-1.));
#3956=DIRECTION('ref_axis',(0.866025403784409,-0.500000000000052,0.));
#3957=DIRECTION('center_axis',(0.,0.,-1.));
#3958=DIRECTION('ref_axis',(0.866025403784409,-0.500000000000052,0.));
#3959=DIRECTION('',(0.,0.,1.));
#3960=DIRECTION('center_axis',(0.,0.,1.));
#3961=DIRECTION('ref_axis',(0.866025403784409,-0.500000000000052,0.));
#3962=DIRECTION('',(0.,0.,1.));
#3963=DIRECTION('center_axis',(0.,0.,1.));
#3964=DIRECTION('ref_axis',(1.,0.,0.));
#3965=DIRECTION('',(1.,0.,0.));
#3966=DIRECTION('center_axis',(0.,0.,-1.));
#3967=DIRECTION('ref_axis',(0.979895967945068,0.199509127623271,0.));
#3968=DIRECTION('',(1.14864542841442E-15,-1.,0.));
#3969=DIRECTION('center_axis',(0.,0.,-1.));
#3970=DIRECTION('ref_axis',(0.707106781186547,-0.707106781186547,0.));
#3971=DIRECTION('',(-1.,1.05625904322582E-16,0.));
#3972=DIRECTION('center_axis',(0.,0.,-1.));
#3973=DIRECTION('ref_axis',(-0.707106781186548,-0.707106781186547,0.));
#3974=DIRECTION('',(0.,1.,0.));
#3975=DIRECTION('center_axis',(0.,0.,-1.));
#3976=DIRECTION('ref_axis',(-0.490761784999795,0.871293791085312,0.));
#3977=DIRECTION('',(1.,0.,0.));
#3978=DIRECTION('',(1.,0.,0.));
#3979=DIRECTION('',(0.,1.,0.));
#3980=DIRECTION('',(1.,0.,0.));
#3981=DIRECTION('',(0.,1.,0.));
#3982=DIRECTION('',(-1.,0.,0.));
#3983=DIRECTION('',(0.,1.,0.));
#3984=DIRECTION('',(-1.,0.,0.));
#3985=DIRECTION('',(0.,-1.,0.));
#3986=DIRECTION('',(1.,0.,0.));
#3987=DIRECTION('',(0.,-1.,0.));
#3988=DIRECTION('',(1.,0.,0.));
#3989=DIRECTION('center_axis',(0.,0.,1.));
#3990=DIRECTION('ref_axis',(-1.,0.,0.));
#3991=DIRECTION('',(-0.999999999999994,1.03823781794077E-7,0.));
#3992=DIRECTION('',(-1.03823781319452E-7,-0.999999999999994,0.));
#3993=DIRECTION('',(1.,0.,0.));
#3994=DIRECTION('',(0.,1.,0.));
#3995=DIRECTION('center_axis',(0.,0.,1.));
#3996=DIRECTION('ref_axis',(-0.574607076553358,0.818429415145132,0.));
#3997=DIRECTION('',(0.,-1.,0.));
#3998=DIRECTION('center_axis',(1.,3.09911781065966E-9,0.));
#3999=DIRECTION('ref_axis',(3.09911781065966E-9,-1.,0.));
#4000=DIRECTION('',(3.09911781065966E-9,-1.,0.));
#4001=DIRECTION('',(0.,0.,-1.));
#4002=DIRECTION('',(3.09911781065966E-9,-1.,0.));
#4003=DIRECTION('',(0.,0.,-1.));
#4004=DIRECTION('center_axis',(-3.09911784084221E-9,1.,0.));
#4005=DIRECTION('ref_axis',(1.,3.09911784084221E-9,0.));
#4006=DIRECTION('',(-1.,0.,0.));
#4007=DIRECTION('',(0.,0.,-1.));
#4008=DIRECTION('',(1.,3.09911784084221E-9,0.));
#4009=DIRECTION('',(1.,3.09911784084221E-9,0.));
#4010=DIRECTION('center_axis',(-1.,0.,0.));
#4011=DIRECTION('ref_axis',(0.,1.,0.));
#4012=DIRECTION('',(0.,1.,0.));
#4013=DIRECTION('',(0.,0.,-1.));
#4014=DIRECTION('',(0.,1.,0.));
#4015=DIRECTION('center_axis',(0.,-1.,0.));
#4016=DIRECTION('ref_axis',(-1.,0.,0.));
#4017=DIRECTION('',(-1.,0.,0.));
#4018=DIRECTION('',(-1.,0.,0.));
#4019=DIRECTION('center_axis',(0.,0.,-1.));
#4020=DIRECTION('ref_axis',(-1.,0.,0.));
#4021=DIRECTION('center_axis',(0.,0.,1.));
#4022=DIRECTION('ref_axis',(1.,0.,0.));
#4023=DIRECTION('',(-1.,0.,0.));
#4024=DIRECTION('',(0.,-1.,0.));
#4025=DIRECTION('',(-1.,0.,0.));
#4026=DIRECTION('',(0.,1.,0.));
#4027=DIRECTION('',(1.,0.,0.));
#4028=DIRECTION('',(0.999999999999995,-1.03823785160521E-7,0.));
#4029=DIRECTION('',(-1.,0.,0.));
#4030=DIRECTION('',(0.,1.,0.));
#4031=DIRECTION('',(-1.,0.,0.));
#4032=DIRECTION('',(0.,1.,0.));
#4033=DIRECTION('center_axis',(0.,0.,1.));
#4034=DIRECTION('ref_axis',(-1.,0.,0.));
#4035=DIRECTION('',(1.,-6.76182519963177E-16,0.));
#4036=DIRECTION('center_axis',(0.,0.,-1.));
#4037=DIRECTION('ref_axis',(-0.574607076553358,0.818429415145132,0.));
#4038=DIRECTION('',(0.,1.,0.));
#4039=DIRECTION('',(-1.,0.,0.));
#4040=DIRECTION('',(0.,-1.,0.));
#4041=DIRECTION('',(-1.,0.,0.));
#4042=DIRECTION('',(0.,1.,0.));
#4043=DIRECTION('',(-1.,0.,0.));
#4044=DIRECTION('',(0.,1.,0.));
#4045=DIRECTION('',(1.,0.,0.));
#4046=DIRECTION('',(0.,-1.,0.));
#4047=DIRECTION('center_axis',(0.,0.,-1.));
#4048=DIRECTION('ref_axis',(0.978205532741159,0.207638955195274,0.));
#4049=DIRECTION('',(1.,6.76182519963177E-16,0.));
#4050=DIRECTION('center_axis',(0.,0.,1.));
#4051=DIRECTION('ref_axis',(-1.,0.,0.));
#4052=DIRECTION('',(0.,-1.,0.));
#4053=DIRECTION('',(1.,0.,0.));
#4054=DIRECTION('',(1.03823780683854E-7,0.999999999999995,0.));
#4055=DIRECTION('',(-1.,0.,0.));
#4056=DIRECTION('',(0.,-1.,0.));
#4057=DIRECTION('',(1.,-4.44089209850064E-16,0.));
#4058=DIRECTION('',(0.,1.,0.));
#4059=DIRECTION('',(-1.,0.,0.));
#4060=DIRECTION('',(0.,1.,0.));
#4061=DIRECTION('center_axis',(0.,0.,-1.));
#4062=DIRECTION('ref_axis',(-1.,0.,0.));
#4063=DIRECTION('center_axis',(0.,0.,1.));
#4064=DIRECTION('ref_axis',(-1.,0.,0.));
#4065=DIRECTION('',(0.,0.,-1.));
#4066=DIRECTION('center_axis',(0.,0.,-1.));
#4067=DIRECTION('ref_axis',(-1.,0.,0.));
#4068=DIRECTION('',(0.,0.,-1.));
#4069=DIRECTION('center_axis',(-1.,0.,0.));
#4070=DIRECTION('ref_axis',(0.,0.,1.));
#4071=DIRECTION('',(0.,1.,0.));
#4072=DIRECTION('',(0.,0.,-1.));
#4073=DIRECTION('',(0.,0.,1.));
#4074=DIRECTION('center_axis',(-1.,0.,0.));
#4075=DIRECTION('ref_axis',(0.,0.,1.));
#4076=DIRECTION('',(0.,1.,0.));
#4077=DIRECTION('',(0.,0.,-1.));
#4078=DIRECTION('',(0.,0.,-1.));
#4079=DIRECTION('',(0.,-1.,0.));
#4080=DIRECTION('',(0.,0.,1.));
#4081=DIRECTION('center_axis',(1.,0.,0.));
#4082=DIRECTION('ref_axis',(0.,0.,-1.));
#4083=DIRECTION('',(0.,-1.,0.));
#4084=DIRECTION('',(0.,0.,-1.));
#4085=DIRECTION('',(0.,-1.,0.));
#4086=DIRECTION('',(0.,0.,1.));
#4087=DIRECTION('',(0.,0.,-1.));
#4088=DIRECTION('center_axis',(1.,0.,0.));
#4089=DIRECTION('ref_axis',(0.,0.,-1.));
#4090=DIRECTION('',(0.,0.,1.));
#4091=DIRECTION('',(0.,-1.,0.));
#4092=DIRECTION('',(0.,0.,-1.));
#4093=DIRECTION('center_axis',(0.,0.,1.));
#4094=DIRECTION('ref_axis',(1.,0.,0.));
#4095=DIRECTION('center_axis',(0.,0.,-1.));
#4096=DIRECTION('ref_axis',(1.,0.,0.));
#4097=DIRECTION('center_axis',(0.,0.,1.));
#4098=DIRECTION('ref_axis',(1.,0.,0.));
#4099=DIRECTION('center_axis',(0.,0.,-1.));
#4100=DIRECTION('ref_axis',(1.,0.,0.));
#4101=DIRECTION('center_axis',(0.,0.,1.));
#4102=DIRECTION('ref_axis',(1.,0.,0.));
#4103=DIRECTION('center_axis',(0.,0.,-1.));
#4104=DIRECTION('ref_axis',(1.,0.,0.));
#4105=DIRECTION('center_axis',(0.,0.,1.));
#4106=DIRECTION('ref_axis',(1.,0.,0.));
#4107=DIRECTION('center_axis',(0.,0.,-1.));
#4108=DIRECTION('ref_axis',(1.,0.,0.));
#4109=DIRECTION('center_axis',(0.,0.,1.));
#4110=DIRECTION('ref_axis',(-1.,0.,0.));
#4111=DIRECTION('',(-1.,0.,0.));
#4112=DIRECTION('',(0.,-1.,0.));
#4113=DIRECTION('',(-1.,0.,0.));
#4114=DIRECTION('center_axis',(0.,0.,1.));
#4115=DIRECTION('ref_axis',(-1.,0.,0.));
#4116=DIRECTION('center_axis',(0.,0.,1.));
#4117=DIRECTION('ref_axis',(-1.,0.,0.));
#4118=DIRECTION('',(0.,1.,0.));
#4119=DIRECTION('',(1.,0.,0.));
#4120=DIRECTION('',(1.,0.,0.));
#4121=DIRECTION('center_axis',(0.,0.,1.));
#4122=DIRECTION('ref_axis',(-1.,0.,0.));
#4123=DIRECTION('center_axis',(0.,0.,1.));
#4124=DIRECTION('ref_axis',(-1.,0.,0.));
#4125=DIRECTION('',(0.,1.,0.));
#4126=DIRECTION('',(1.,0.,0.));
#4127=DIRECTION('',(1.,0.,0.));
#4128=DIRECTION('center_axis',(0.,0.,1.));
#4129=DIRECTION('ref_axis',(-1.,0.,0.));
#4130=DIRECTION('center_axis',(0.,0.,1.));
#4131=DIRECTION('ref_axis',(-1.,0.,0.));
#4132=DIRECTION('',(-1.,0.,0.));
#4133=DIRECTION('',(0.,-1.,0.));
#4134=DIRECTION('',(1.,0.,0.));
#4135=DIRECTION('center_axis',(0.,0.,1.));
#4136=DIRECTION('ref_axis',(-1.,0.,0.));
#4137=DIRECTION('center_axis',(0.,1.,0.));
#4138=DIRECTION('ref_axis',(0.,0.,1.));
#4139=DIRECTION('',(0.,0.,1.));
#4140=DIRECTION('',(0.,0.,-1.));
#4141=DIRECTION('center_axis',(0.,1.,0.));
#4142=DIRECTION('ref_axis',(-1.,0.,0.));
#4143=DIRECTION('',(0.,0.,-1.));
#4144=DIRECTION('center_axis',(0.,0.,1.));
#4145=DIRECTION('ref_axis',(-1.,0.,0.));
#4146=DIRECTION('',(1.,0.,0.));
#4147=DIRECTION('center_axis',(0.,0.,1.));
#4148=DIRECTION('ref_axis',(-0.490761784999795,0.871293791085312,0.));
#4149=DIRECTION('',(0.,-1.,0.));
#4150=DIRECTION('center_axis',(0.,0.,-1.));
#4151=DIRECTION('ref_axis',(-0.707106781186548,-0.707106781186547,0.));
#4152=DIRECTION('',(1.,-1.09985899194277E-16,0.));
#4153=DIRECTION('center_axis',(0.,0.,-1.));
#4154=DIRECTION('ref_axis',(0.707106781186547,-0.707106781186547,0.));
#4155=DIRECTION('',(-4.26213699684231E-16,1.,0.));
#4156=DIRECTION('center_axis',(0.,0.,1.));
#4157=DIRECTION('ref_axis',(0.979895967945068,0.199509127623271,0.));
#4158=DIRECTION('',(1.,0.,0.));
#4159=DIRECTION('',(1.,0.,0.));
#4160=DIRECTION('center_axis',(0.,0.,-1.));
#4161=DIRECTION('ref_axis',(-1.,0.,0.));
#4162=DIRECTION('center_axis',(0.,0.,-1.));
#4163=DIRECTION('ref_axis',(-1.,0.,0.));
#4164=DIRECTION('center_axis',(0.,0.,-1.));
#4165=DIRECTION('ref_axis',(-1.,0.,0.));
#4166=DIRECTION('center_axis',(0.,0.,-1.));
#4167=DIRECTION('ref_axis',(-1.,0.,0.));
#4168=DIRECTION('center_axis',(0.,0.,-1.));
#4169=DIRECTION('ref_axis',(-1.,0.,0.));
#4170=DIRECTION('',(-1.,-6.76182519963177E-16,0.));
#4171=DIRECTION('center_axis',(0.,0.,1.));
#4172=DIRECTION('ref_axis',(0.978205532741159,0.207638955195274,0.));
#4173=DIRECTION('',(0.,1.,0.));
#4174=DIRECTION('',(1.,0.,0.));
#4175=DIRECTION('center_axis',(0.,0.,-1.));
#4176=DIRECTION('ref_axis',(-1.,0.,0.));
#4177=DIRECTION('',(0.,1.,0.));
#4178=DIRECTION('center_axis',(0.,0.,1.));
#4179=DIRECTION('ref_axis',(-0.574607076553358,0.818429415145132,0.));
#4180=DIRECTION('',(-1.,6.76182519963177E-16,0.));
#4181=DIRECTION('center_axis',(0.,0.,-1.));
#4182=DIRECTION('ref_axis',(-1.,0.,0.));
#4183=DIRECTION('',(0.,-1.,0.));
#4184=DIRECTION('',(-1.,0.,0.));
#4185=DIRECTION('',(0.,-1.,0.));
#4186=DIRECTION('',(1.,0.,0.));
#4187=DIRECTION('',(0.,-1.,0.));
#4188=DIRECTION('',(1.,0.,0.));
#4189=DIRECTION('',(-1.,0.,0.));
#4190=DIRECTION('',(-1.,0.,0.));
#4191=DIRECTION('',(0.,1.,0.));
#4192=DIRECTION('center_axis',(0.,1.,0.));
#4193=DIRECTION('ref_axis',(0.,0.,1.));
#4194=DIRECTION('center_axis',(0.,0.,-1.));
#4195=DIRECTION('ref_axis',(0.707106781186547,-0.707106781186547,0.));
#4196=DIRECTION('',(0.,0.,1.));
#4197=DIRECTION('',(0.,0.,-1.));
#4198=DIRECTION('center_axis',(1.09985899194277E-16,1.,0.));
#4199=DIRECTION('ref_axis',(1.,-1.09985899194277E-16,0.));
#4200=DIRECTION('',(0.,0.,1.));
#4201=DIRECTION('center_axis',(0.,0.,-1.));
#4202=DIRECTION('ref_axis',(-0.707106781186548,-0.707106781186547,0.));
#4203=DIRECTION('',(0.,0.,-1.));
#4204=DIRECTION('center_axis',(0.,0.,-1.));
#4205=DIRECTION('ref_axis',(-0.490761784999795,0.871293791085312,0.));
#4206=DIRECTION('',(0.,0.,-1.));
#4207=DIRECTION('',(0.,0.,1.));
#4208=DIRECTION('center_axis',(1.,0.,0.));
#4209=DIRECTION('ref_axis',(0.,-1.,0.));
#4210=DIRECTION('center_axis',(0.,0.,-1.));
#4211=DIRECTION('ref_axis',(0.979895967945068,0.199509127623271,0.));
#4212=DIRECTION('',(0.,0.,-1.));
#4213=DIRECTION('',(0.,0.,-1.));
#4214=DIRECTION('center_axis',(-1.,-4.26213699684231E-16,0.));
#4215=DIRECTION('ref_axis',(-4.26213699684231E-16,1.,0.));
#4216=DIRECTION('center_axis',(0.,-1.,0.));
#4217=DIRECTION('ref_axis',(-1.,0.,0.));
#4218=DIRECTION('center_axis',(-1.,0.,0.));
#4219=DIRECTION('ref_axis',(0.,0.,1.));
#4220=DIRECTION('',(0.,0.707106781186548,-0.707106781186548));
#4221=DIRECTION('',(0.,0.,1.));
#4222=DIRECTION('',(0.,0.999999897551702,-0.000452655039427352));
#4223=DIRECTION('',(0.,0.000452655039427352,0.999999897551702));
#4224=DIRECTION('',(0.,-0.707106781186548,0.707106781186548));
#4225=DIRECTION('',(0.,0.,1.));
#4226=DIRECTION('',(0.,0.,-1.));
#4227=DIRECTION('',(0.,0.707106781186548,-0.707106781186548));
#4228=DIRECTION('',(0.,-0.000452655039427352,-0.999999897551702));
#4229=DIRECTION('',(0.,0.999999897551702,-0.000452655039427352));
#4230=DIRECTION('center_axis',(0.,1.,0.));
#4231=DIRECTION('ref_axis',(0.,0.,-1.));
#4232=DIRECTION('',(-1.,0.,0.));
#4233=DIRECTION('',(0.,0.,-1.));
#4234=DIRECTION('center_axis',(0.,-0.707106781186548,-0.707106781186548));
#4235=DIRECTION('ref_axis',(-1.,0.,0.));
#4236=DIRECTION('',(1.,0.,0.));
#4237=DIRECTION('',(-1.,0.,0.));
#4238=DIRECTION('',(0.,-0.707106781186548,0.707106781186548));
#4239=DIRECTION('center_axis',(0.,-0.999999897551702,0.000452655039427352));
#4240=DIRECTION('ref_axis',(1.,0.,0.));
#4241=DIRECTION('',(1.,0.,0.));
#4242=DIRECTION('',(0.,0.000452655039427352,0.999999897551702));
#4243=DIRECTION('',(0.,0.000452655039427352,0.999999897551702));
#4244=DIRECTION('center_axis',(0.,0.000452655039427352,0.999999897551702));
#4245=DIRECTION('ref_axis',(1.,0.,0.));
#4246=DIRECTION('',(1.,0.,0.));
#4247=DIRECTION('',(0.,0.999999897551702,-0.000452655039427352));
#4248=DIRECTION('',(0.,-0.999999897551702,0.000452655039427442));
#4249=DIRECTION('center_axis',(0.,-1.,0.));
#4250=DIRECTION('ref_axis',(0.,0.,-1.));
#4251=DIRECTION('',(1.,0.,0.));
#4252=DIRECTION('',(0.,0.,1.));
#4253=DIRECTION('center_axis',(0.,0.000452655039427352,0.999999897551702));
#4254=DIRECTION('ref_axis',(1.,0.,0.));
#4255=DIRECTION('',(-1.,0.,0.));
#4256=DIRECTION('',(0.,-0.999999897551702,0.000452655039427442));
#4257=DIRECTION('',(-1.,0.,0.));
#4258=DIRECTION('center_axis',(-1.,0.,0.));
#4259=DIRECTION('ref_axis',(0.,-0.999999897551702,0.000452655039427442));
#4260=DIRECTION('',(0.,-1.,0.));
#4261=DIRECTION('center_axis',(0.,0.999999897551702,-0.000452655039427352));
#4262=DIRECTION('ref_axis',(-1.,0.,0.));
#4263=DIRECTION('',(1.,0.,0.));
#4264=DIRECTION('',(0.,0.000452655039427352,0.999999897551702));
#4265=DIRECTION('center_axis',(-1.,0.,0.));
#4266=DIRECTION('ref_axis',(0.,-0.999999897551702,0.000452655039427442));
#4267=DIRECTION('',(0.,0.707106781186548,-0.707106781186548));
#4268=DIRECTION('center_axis',(0.,0.707106781186548,0.707106781186548));
#4269=DIRECTION('ref_axis',(0.,-0.707106781186548,0.707106781186548));
#4270=DIRECTION('',(1.,0.,0.));
#4271=DIRECTION('',(-7.34144997625012E-8,-0.707106781186546,0.707106781186546));
#4272=DIRECTION('',(1.,0.,0.));
#4273=DIRECTION('center_axis',(1.,0.,0.));
#4274=DIRECTION('ref_axis',(0.,0.,-1.));
#4275=DIRECTION('',(0.,-1.,0.));
#4276=DIRECTION('',(0.,-0.707106781186549,-0.707106781186546));
#4277=DIRECTION('',(0.,0.,-1.));
#4278=DIRECTION('',(0.,0.,1.));
#4279=DIRECTION('',(0.,-0.707106781186548,-0.707106781186548));
#4280=DIRECTION('',(0.,1.,0.));
#4281=DIRECTION('',(0.,-1.,0.));
#4282=DIRECTION('',(0.,0.,1.));
#4283=DIRECTION('',(0.,1.,0.));
#4284=DIRECTION('',(0.,0.,-1.));
#4285=DIRECTION('center_axis',(1.,0.,0.));
#4286=DIRECTION('ref_axis',(0.,0.,-1.));
#4287=DIRECTION('',(0.,-1.,0.));
#4288=DIRECTION('center_axis',(0.,0.707106781186548,-0.707106781186548));
#4289=DIRECTION('ref_axis',(-1.,0.,0.));
#4290=DIRECTION('',(0.,-0.707106781186548,-0.707106781186548));
#4291=DIRECTION('',(1.,0.,0.));
#4292=DIRECTION('',(-1.,0.,0.));
#4293=DIRECTION('center_axis',(0.,0.,1.));
#4294=DIRECTION('ref_axis',(1.,0.,0.));
#4295=DIRECTION('',(0.,-1.,0.));
#4296=DIRECTION('center_axis',(1.,0.,0.));
#4297=DIRECTION('ref_axis',(0.,0.,-1.));
#4298=DIRECTION('',(0.,0.,1.));
#4299=DIRECTION('center_axis',(0.,1.,0.));
#4300=DIRECTION('ref_axis',(0.,0.,1.));
#4301=DIRECTION('',(0.,0.,-1.));
#4302=DIRECTION('center_axis',(0.,0.,-1.));
#4303=DIRECTION('ref_axis',(-1.,0.,0.));
#4304=DIRECTION('',(0.,0.,-1.));
#4305=DIRECTION('',(0.,0.,-1.));
#4306=DIRECTION('center_axis',(0.707106781186549,0.,0.707106781186546));
#4307=DIRECTION('ref_axis',(0.707106781186546,0.,-0.707106781186549));
#4308=DIRECTION('',(-0.707106781186546,0.,0.707106781186549));
#4309=DIRECTION('',(0.,-1.,0.));
#4310=DIRECTION('',(0.707106781186546,-3.14018491736756E-16,-0.707106781186549));
#4311=DIRECTION('center_axis',(-1.,0.,0.));
#4312=DIRECTION('ref_axis',(0.,0.,1.));
#4313=DIRECTION('',(0.,0.,-1.));
#4314=DIRECTION('',(0.,1.,0.));
#4315=DIRECTION('',(0.,0.,1.));
#4316=DIRECTION('center_axis',(0.,0.,1.));
#4317=DIRECTION('ref_axis',(1.,0.,0.));
#4318=DIRECTION('',(0.,0.,-1.));
#4319=DIRECTION('center_axis',(0.,0.,1.));
#4320=DIRECTION('ref_axis',(1.,0.,0.));
#4321=DIRECTION('',(0.,0.,-1.));
#4322=DIRECTION('center_axis',(0.,0.,1.));
#4323=DIRECTION('ref_axis',(1.,0.,0.));
#4324=DIRECTION('',(0.,0.,-1.));
#4325=DIRECTION('center_axis',(0.,0.,1.));
#4326=DIRECTION('ref_axis',(1.,0.,0.));
#4327=DIRECTION('',(0.,0.,-1.));
#4328=DIRECTION('center_axis',(-1.,0.,0.));
#4329=DIRECTION('ref_axis',(0.,0.,1.));
#4330=DIRECTION('',(0.,0.,-1.));
#4331=DIRECTION('',(0.,0.,-1.));
#4332=DIRECTION('center_axis',(6.76182519963177E-16,1.,0.));
#4333=DIRECTION('ref_axis',(1.,-6.76182519963177E-16,0.));
#4334=DIRECTION('',(0.,0.,-1.));
#4335=DIRECTION('',(0.,0.,-1.));
#4336=DIRECTION('center_axis',(-1.,0.,0.));
#4337=DIRECTION('ref_axis',(0.,1.,0.));
#4338=DIRECTION('',(0.,0.,-1.));
#4339=DIRECTION('',(0.,0.,-1.));
#4340=DIRECTION('center_axis',(-1.,0.,0.));
#4341=DIRECTION('ref_axis',(0.,0.,1.));
#4342=DIRECTION('',(0.,0.,1.));
#4343=DIRECTION('center_axis',(0.,-1.,0.));
#4344=DIRECTION('ref_axis',(0.,0.,-1.));
#4345=DIRECTION('',(0.,0.,1.));
#4346=DIRECTION('',(1.,0.,0.));
#4347=DIRECTION('center_axis',(0.,-1.,0.));
#4348=DIRECTION('ref_axis',(1.,0.,0.));
#4349=DIRECTION('',(0.,0.,1.));
#4350=DIRECTION('center_axis',(0.,0.,-1.));
#4351=DIRECTION('ref_axis',(-0.574607076553358,0.818429415145132,0.));
#4352=DIRECTION('',(0.,0.,1.));
#4353=DIRECTION('center_axis',(0.,0.,-1.));
#4354=DIRECTION('ref_axis',(1.,0.,0.));
#4355=DIRECTION('',(0.,1.,0.));
#4356=DIRECTION('center_axis',(0.,0.,1.));
#4357=DIRECTION('ref_axis',(-1.,0.,0.));
#4358=DIRECTION('',(-1.,0.,0.));
#4359=DIRECTION('center_axis',(0.,0.,-1.));
#4360=DIRECTION('ref_axis',(1.,0.,0.));
#4361=DIRECTION('',(1.,0.,0.));
#4362=DIRECTION('',(-1.,0.,0.));
#4363=DIRECTION('',(0.,-1.,0.));
#4364=DIRECTION('center_axis',(0.,0.,-1.));
#4365=DIRECTION('ref_axis',(0.707106781186547,-0.707106781186548,0.));
#4366=DIRECTION('center_axis',(1.,0.,0.));
#4367=DIRECTION('ref_axis',(0.,-1.,0.));
#4368=DIRECTION('',(0.,0.,-1.));
#4369=DIRECTION('',(0.,0.,1.));
#4370=DIRECTION('',(0.,0.,-1.));
#4371=DIRECTION('',(0.,0.,1.));
#4372=DIRECTION('',(0.,0.,-1.));
#4373=DIRECTION('center_axis',(0.,-1.,0.));
#4374=DIRECTION('ref_axis',(-1.,0.,0.));
#4375=DIRECTION('center_axis',(-1.03823781794077E-7,-0.999999999999995,
0.));
#4376=DIRECTION('ref_axis',(0.999999999999995,-1.03823781794077E-7,0.));
#4377=DIRECTION('',(-0.999999999999995,1.03823781794077E-7,0.));
#4378=DIRECTION('',(0.,0.,-1.));
#4379=DIRECTION('',(0.,0.,-1.));
#4380=DIRECTION('center_axis',(1.03823780683854E-7,0.999999999999995,0.));
#4381=DIRECTION('ref_axis',(0.,0.,1.));
#4382=DIRECTION('',(0.,0.,-1.));
#4383=DIRECTION('',(0.999999999999994,-1.03823780683854E-7,0.));
#4384=DIRECTION('',(0.,0.,1.));
#4385=DIRECTION('center_axis',(0.999999999999995,-1.03823780683854E-7,0.));
#4386=DIRECTION('ref_axis',(0.,0.,-1.));
#4387=DIRECTION('',(-1.03823780683854E-7,-0.999999999999995,0.));
#4388=DIRECTION('',(0.,0.,-1.));
#4389=DIRECTION('',(1.03823780683854E-7,0.999999999999995,0.));
#4390=DIRECTION('',(0.,0.,1.));
#4391=DIRECTION('center_axis',(7.34144993699776E-8,0.707106781186542,0.707106781186549));
#4392=DIRECTION('ref_axis',(-7.34144997625012E-8,-0.707106781186546,0.707106781186546));
#4393=DIRECTION('',(-7.34144997625012E-8,-0.707106781186546,0.707106781186546));
#4394=DIRECTION('',(7.34144997625012E-8,0.707106781186546,-0.707106781186546));
#4395=DIRECTION('',(0.999999999999994,-1.03823780683854E-7,0.));
#4396=DIRECTION('center_axis',(0.,0.,1.));
#4397=DIRECTION('ref_axis',(0.,-1.,0.));
#4398=DIRECTION('',(1.,0.,0.));
#4399=DIRECTION('',(1.,0.,0.));
#4400=DIRECTION('center_axis',(0.,1.,0.));
#4401=DIRECTION('ref_axis',(0.,0.,1.));
#4402=DIRECTION('',(1.,0.,0.));
#4403=DIRECTION('center_axis',(0.,-0.707106781186546,0.707106781186549));
#4404=DIRECTION('ref_axis',(0.,-0.707106781186549,-0.707106781186546));
#4405=DIRECTION('',(-7.3414499762501E-8,-0.707106781186544,-0.707106781186547));
#4406=DIRECTION('',(1.,0.,0.));
#4407=DIRECTION('',(1.,0.,0.));
#4408=DIRECTION('center_axis',(0.,-1.,0.));
#4409=DIRECTION('ref_axis',(0.,0.,-1.));
#4410=DIRECTION('',(1.,0.,0.));
#4411=DIRECTION('center_axis',(0.,0.,-1.));
#4412=DIRECTION('ref_axis',(0.,1.,0.));
#4413=DIRECTION('center_axis',(-7.34145025354593E-8,-0.707106781186544,
0.707106781186548));
#4414=DIRECTION('ref_axis',(0.999999999999994,0.,1.0382378516052E-7));
#4415=DIRECTION('',(0.,-0.707106781186549,-0.707106781186546));
#4416=DIRECTION('',(0.999999999999995,-1.03823785160521E-7,0.));
#4417=DIRECTION('',(-0.999999999999995,1.03823785160521E-7,0.));
#4418=DIRECTION('center_axis',(0.,0.,1.));
#4419=DIRECTION('ref_axis',(1.,0.,0.));
#4420=DIRECTION('',(0.,-1.,0.));
#4421=DIRECTION('',(1.,-5.42099232923972E-17,0.));
#4422=DIRECTION('center_axis',(0.,0.,-1.));
#4423=DIRECTION('ref_axis',(-1.,0.,0.));
#4424=DIRECTION('center_axis',(0.,0.,1.));
#4425=DIRECTION('ref_axis',(-1.,0.,0.));
#4426=DIRECTION('',(0.,0.,1.));
#4427=DIRECTION('center_axis',(0.999999999999995,-1.03823781319452E-7,0.));
#4428=DIRECTION('ref_axis',(-1.03823781319452E-7,-0.999999999999995,0.));
#4429=DIRECTION('',(-1.03823781319452E-7,-0.999999999999995,0.));
#4430=DIRECTION('center_axis',(3.83322043676566E-17,0.707106781186548,0.707106781186548));
#4431=DIRECTION('ref_axis',(1.,0.,-5.42099232923972E-17));
#4432=DIRECTION('',(0.,-0.707106781186548,0.707106781186548));
#4433=DIRECTION('',(-1.,5.42099232923972E-17,0.));
#4434=DIRECTION('center_axis',(0.,1.,0.));
#4435=DIRECTION('ref_axis',(0.,0.,-1.));
#4436=DIRECTION('',(0.,0.,1.));
#4437=DIRECTION('center_axis',(-0.707106781186548,0.,0.707106781186548));
#4438=DIRECTION('ref_axis',(0.707106781186548,0.,0.707106781186548));
#4439=DIRECTION('',(0.707106781186548,0.,0.707106781186548));
#4440=DIRECTION('',(0.,-1.,0.));
#4441=DIRECTION('',(0.707106781186548,0.,0.707106781186548));
#4442=DIRECTION('',(0.,-1.,0.));
#4443=DIRECTION('center_axis',(0.,-1.,0.));
#4444=DIRECTION('ref_axis',(0.,0.,-1.));
#4445=DIRECTION('',(0.,0.,-1.));
#4446=DIRECTION('',(0.,0.,-1.));
#4447=DIRECTION('',(0.707106781186548,0.,0.707106781186548));
#4448=DIRECTION('',(0.,0.,-1.));
#4449=DIRECTION('center_axis',(-1.,0.,0.));
#4450=DIRECTION('ref_axis',(0.,0.,-1.));
#4451=DIRECTION('',(0.,-1.,0.));
#4452=DIRECTION('',(0.,0.,-1.));
#4453=DIRECTION('center_axis',(-1.,0.,0.));
#4454=DIRECTION('ref_axis',(0.,0.,-1.));
#4455=DIRECTION('',(0.,0.,1.));
#4456=DIRECTION('center_axis',(0.,-1.,0.));
#4457=DIRECTION('ref_axis',(1.,0.,0.));
#4458=DIRECTION('',(0.,0.,-1.));
#4459=DIRECTION('',(0.707106781186547,0.,0.707106781186547));
#4460=DIRECTION('center_axis',(0.,0.,-1.));
#4461=DIRECTION('ref_axis',(-1.,0.,0.));
#4462=DIRECTION('center_axis',(-0.707106781186548,0.,0.707106781186548));
#4463=DIRECTION('ref_axis',(0.707106781186548,0.,0.707106781186548));
#4464=DIRECTION('',(0.707106781186548,0.,0.707106781186548));
#4465=DIRECTION('',(0.,-1.,0.));
#4466=DIRECTION('center_axis',(1.,0.,0.));
#4467=DIRECTION('ref_axis',(0.,0.,-1.));
#4468=DIRECTION('',(0.,0.,1.));
#4469=DIRECTION('',(0.,0.,-1.));
#4470=DIRECTION('',(0.,-1.,0.));
#4471=DIRECTION('center_axis',(0.,-1.,0.));
#4472=DIRECTION('ref_axis',(0.,0.,1.));
#4473=DIRECTION('center_axis',(0.,-1.,0.));
#4474=DIRECTION('ref_axis',(0.,0.,-1.));
#4475=DIRECTION('',(0.,0.,-1.));
#4476=DIRECTION('center_axis',(0.999999999999995,-1.03823780683854E-7,0.));
#4477=DIRECTION('ref_axis',(0.,0.,-1.));
#4478=DIRECTION('',(0.,0.,-1.));
#4479=DIRECTION('center_axis',(-1.03823785160521E-7,-0.999999999999995,
0.));
#4480=DIRECTION('ref_axis',(-0.999999999999995,1.03823785160521E-7,0.));
#4481=DIRECTION('',(0.,0.,-1.));
#4482=DIRECTION('center_axis',(5.42099232923972E-17,1.,0.));
#4483=DIRECTION('ref_axis',(1.,-5.42099232923972E-17,0.));
#4484=DIRECTION('',(0.,0.,-1.));
#4485=DIRECTION('center_axis',(1.,0.,0.));
#4486=DIRECTION('ref_axis',(0.,0.,-1.));
#4487=DIRECTION('center_axis',(1.,0.,0.));
#4488=DIRECTION('ref_axis',(0.,-1.,0.));
#4489=DIRECTION('center_axis',(-6.76182519963177E-16,1.,0.));
#4490=DIRECTION('ref_axis',(1.,6.76182519963177E-16,0.));
#4491=DIRECTION('',(0.,0.,-1.));
#4492=DIRECTION('center_axis',(0.,0.,-1.));
#4493=DIRECTION('ref_axis',(0.978205532741159,0.207638955195274,0.));
#4494=DIRECTION('center_axis',(0.,1.,0.));
#4495=DIRECTION('ref_axis',(0.,0.,1.));
#4496=DIRECTION('center_axis',(0.,-1.,0.));
#4497=DIRECTION('ref_axis',(0.,0.,-1.));
#4498=DIRECTION('center_axis',(-1.,0.,0.));
#4499=DIRECTION('ref_axis',(0.,1.,0.));
#4500=DIRECTION('',(0.,0.,-1.));
#4501=DIRECTION('center_axis',(0.,1.,0.));
#4502=DIRECTION('ref_axis',(0.,0.,1.));
#4503=DIRECTION('center_axis',(0.,-1.,0.));
#4504=DIRECTION('ref_axis',(0.,0.,-1.));
#4505=DIRECTION('center_axis',(0.,1.,0.));
#4506=DIRECTION('ref_axis',(-1.,0.,0.));
#4507=DIRECTION('',(0.,0.,-1.));
#4508=DIRECTION('center_axis',(0.,0.,-1.));
#4509=DIRECTION('ref_axis',(0.707106798806681,0.707106763566414,0.));
#4510=DIRECTION('center_axis',(0.,0.,-1.));
#4511=DIRECTION('ref_axis',(-1.,0.,0.));
#4512=DIRECTION('',(0.,0.,-1.));
#4513=DIRECTION('center_axis',(0.,0.,-1.));
#4514=DIRECTION('ref_axis',(-1.,0.,0.));
#4515=DIRECTION('center_axis',(0.,0.,-1.));
#4516=DIRECTION('ref_axis',(-1.,0.,0.));
#4517=DIRECTION('',(0.,0.,-1.));
#4518=DIRECTION('center_axis',(0.,0.,-1.));
#4519=DIRECTION('ref_axis',(-1.,0.,0.));
#4520=DIRECTION('center_axis',(0.,0.,-1.));
#4521=DIRECTION('ref_axis',(-1.,0.,0.));
#4522=DIRECTION('',(0.,0.,-1.));
#4523=DIRECTION('center_axis',(0.,0.,-1.));
#4524=DIRECTION('ref_axis',(-1.,0.,0.));
#4525=DIRECTION('center_axis',(0.,0.,-1.));
#4526=DIRECTION('ref_axis',(-1.,0.,0.));
#4527=DIRECTION('',(0.,0.,-1.));
#4528=DIRECTION('center_axis',(0.,0.,-1.));
#4529=DIRECTION('ref_axis',(-1.,0.,0.));
#4530=DIRECTION('center_axis',(0.,0.,1.));
#4531=DIRECTION('ref_axis',(-1.,0.,0.));
#4532=DIRECTION('center_axis',(0.,0.,1.));
#4533=DIRECTION('ref_axis',(-1.,0.,0.));
#4534=DIRECTION('center_axis',(0.,0.,1.));
#4535=DIRECTION('ref_axis',(-1.,0.,0.));
#4536=DIRECTION('center_axis',(0.,0.,1.));
#4537=DIRECTION('ref_axis',(-1.,0.,0.));
#4538=DIRECTION('center_axis',(0.,-1.,0.));
#4539=DIRECTION('ref_axis',(0.,0.,-1.));
#4540=DIRECTION('center_axis',(1.,0.,0.));
#4541=DIRECTION('ref_axis',(0.,0.,-1.));
#4542=DIRECTION('',(0.,1.,0.));
#4543=DIRECTION('',(0.,0.,1.));
#4544=DIRECTION('',(0.,-1.,0.));
#4545=DIRECTION('',(0.,0.,-1.));
#4546=DIRECTION('center_axis',(0.,0.,1.));
#4547=DIRECTION('ref_axis',(0.,-1.,0.));
#4548=DIRECTION('',(0.,-1.,0.));
#4549=DIRECTION('',(-1.,0.,0.));
#4550=DIRECTION('',(1.,-4.44089209850064E-16,0.));
#4551=DIRECTION('center_axis',(-0.707106781186549,0.,-0.707106781186546));
#4552=DIRECTION('ref_axis',(-0.707106781186546,0.,0.707106781186549));
#4553=DIRECTION('',(-0.707106781186546,3.14018491736755E-16,0.707106781186549));
#4554=DIRECTION('',(0.,1.,0.));
#4555=DIRECTION('',(0.707106781186546,0.,-0.707106781186549));
#4556=DIRECTION('center_axis',(1.,0.,0.));
#4557=DIRECTION('ref_axis',(0.,0.,-1.));
#4558=DIRECTION('',(0.,-1.,0.));
#4559=DIRECTION('',(0.,0.,1.));
#4560=DIRECTION('',(0.,0.,-1.));
#4561=DIRECTION('center_axis',(0.,0.,1.));
#4562=DIRECTION('ref_axis',(-1.,0.,0.));
#4563=DIRECTION('',(-1.,4.44089209850064E-16,0.));
#4564=DIRECTION('',(-1.,0.,0.));
#4565=DIRECTION('center_axis',(-4.44089209850064E-16,-1.,0.));
#4566=DIRECTION('ref_axis',(-1.,4.44089209850064E-16,0.));
#4567=DIRECTION('',(1.,-4.44089209850064E-16,0.));
#4568=DIRECTION('center_axis',(0.,-1.,0.));
#4569=DIRECTION('ref_axis',(-1.,0.,0.));
#4570=DIRECTION('',(-1.,0.,0.));
#4571=DIRECTION('center_axis',(0.,0.,1.));
#4572=DIRECTION('ref_axis',(0.,1.,0.));
#4573=CARTESIAN_POINT('',(0.,0.,0.));
#4574=CARTESIAN_POINT('Origin',(-1.5,28.991,37.));
#4575=CARTESIAN_POINT('',(1.5,28.991,39.));
#4576=CARTESIAN_POINT('',(1.5,28.991,23.6));
#4577=CARTESIAN_POINT('',(1.5,28.991,38.));
#4578=CARTESIAN_POINT('',(-1.5,28.991,39.));
#4579=CARTESIAN_POINT('',(-0.750000000000005,28.991,39.));
#4580=CARTESIAN_POINT('',(-1.5,28.991,23.6));
#4581=CARTESIAN_POINT('',(-1.5,28.991,31.));
#4582=CARTESIAN_POINT('',(-0.75,28.991,23.6));
#4583=CARTESIAN_POINT('Origin',(-1.5,28.991,25.));
#4584=CARTESIAN_POINT('',(-1.5,28.9907740467996,39.));
#4585=CARTESIAN_POINT('',(-1.5,28.991,39.));
#4586=CARTESIAN_POINT('',(-1.5,28.9907740467996,23.6));
#4587=CARTESIAN_POINT('',(-1.5,28.9907740467996,25.));
#4588=CARTESIAN_POINT('',(-1.5,14.4955,23.6));
#4589=CARTESIAN_POINT('Origin',(-8.88178419700125E-15,-24.36125,39.));
#4590=CARTESIAN_POINT('',(1.5,28.9907740467996,39.));
#4591=CARTESIAN_POINT('',(1.5,2.81476202339978,39.));
#4592=CARTESIAN_POINT('',(45.5004209948803,28.9907740467996,39.));
#4593=CARTESIAN_POINT('',(-27.4995790051197,28.9907740467996,39.));
#4594=CARTESIAN_POINT('',(45.5004209948803,28.4423789901264,39.));
#4595=CARTESIAN_POINT('',(45.5004209948803,-8.185125,39.));
#4596=CARTESIAN_POINT('',(46.1117707058494,28.3232351026934,39.));
#4597=CARTESIAN_POINT('Origin',(35.8639359996752,-22.6322864013763,39.));
#4598=CARTESIAN_POINT('',(53.8045060207115,26.1490546547803,39.));
#4599=CARTESIAN_POINT('Origin',(50.,27.3842606855178,39.));
#4600=CARTESIAN_POINT('',(59.9578390315025,23.4216724361681,39.));
#4601=CARTESIAN_POINT('Origin',(35.8639359996752,-22.6322864013763,39.));
#4602=CARTESIAN_POINT('',(63.5653834017766,14.9719649031375,39.));
#4603=CARTESIAN_POINT('Origin',(40.2981498029164,10.0331418101894,39.));
#4604=CARTESIAN_POINT('',(63.5653834017766,-4.61460766977205,39.));
#4605=CARTESIAN_POINT('',(63.5653834017765,7.70704762294822,39.));
#4606=CARTESIAN_POINT('',(64.138670249191,-8.9815491810471,39.));
#4607=CARTESIAN_POINT('Origin',(47.1386735777755,-8.9921874072604,39.));
#4608=CARTESIAN_POINT('',(63.5653834017766,-13.3484906920989,39.));
#4609=CARTESIAN_POINT('Origin',(47.1386735777755,-8.97091095461058,39.));
#4610=CARTESIAN_POINT('',(63.5653834017766,-23.8542486889354,39.));
#4611=CARTESIAN_POINT('',(63.5653834017765,7.70704762294822,39.));
#4612=CARTESIAN_POINT('',(57.919632090712,-29.5,39.));
#4613=CARTESIAN_POINT('Origin',(60.5653834017765,-26.5,39.));
#4614=CARTESIAN_POINT('',(-57.919632090712,-29.5,39.));
#4615=CARTESIAN_POINT('',(30.2826916487035,-29.5,39.));
#4616=CARTESIAN_POINT('',(-63.5653834017765,-23.8542486889354,39.));
#4617=CARTESIAN_POINT('Origin',(-60.5653834017766,-26.5,39.));
#4618=CARTESIAN_POINT('',(-63.5653834017765,-13.3484906920989,39.));
#4619=CARTESIAN_POINT('',(-63.5653834017765,-13.0289347538647,39.));
#4620=CARTESIAN_POINT('',(-63.5653834017765,-4.59333121712226,39.));
#4621=CARTESIAN_POINT('Origin',(-47.1386735777755,-8.97091095461058,39.));
#4622=CARTESIAN_POINT('',(-63.5653834017765,14.9719649031376,39.));
#4623=CARTESIAN_POINT('',(-63.5653834017765,-0.500000000000003,39.));
#4624=CARTESIAN_POINT('',(-59.9578390315094,23.4216724361584,39.));
#4625=CARTESIAN_POINT('Origin',(-40.2981498029164,10.0331418101894,39.));
#4626=CARTESIAN_POINT('',(-53.8045060207115,26.1490546547803,39.));
#4627=CARTESIAN_POINT('Origin',(-35.8639359996752,-22.6322864013763,39.));
#4628=CARTESIAN_POINT('',(-46.1117707058496,28.3232351026933,39.));
#4629=CARTESIAN_POINT('Origin',(-50.,27.3842606855178,39.));
#4630=CARTESIAN_POINT('',(-41.9090098520574,28.9907740467996,39.));
#4631=CARTESIAN_POINT('Origin',(-35.8639359996752,-22.6322864013763,39.));
#4632=CARTESIAN_POINT('',(-0.750000000000006,28.9907740467996,39.));
#4633=CARTESIAN_POINT('',(61.1386735777755,-8.97091095461057,39.));
#4634=CARTESIAN_POINT('Origin',(47.1386735777755,-8.97091095461057,39.));
#4635=CARTESIAN_POINT('',(-33.1386735777751,-8.97091095461105,39.));
#4636=CARTESIAN_POINT('Origin',(-47.1386735777751,-8.97091095461105,39.));
#4637=CARTESIAN_POINT('Origin',(-27.4995790051197,28.9907740467996,23.6));
#4638=CARTESIAN_POINT('',(1.5,28.9907740467996,23.6));
#4639=CARTESIAN_POINT('',(45.5004209948803,28.9907740467996,23.6));
#4640=CARTESIAN_POINT('',(0.750000000000002,28.9907740467996,23.6));
#4641=CARTESIAN_POINT('',(45.5004209948803,28.9907740467996,19.));
#4642=CARTESIAN_POINT('',(1.5,28.9907740467996,38.));
#4643=CARTESIAN_POINT('Origin',(45.5004209948803,9.991,16.));
#4644=CARTESIAN_POINT('',(45.5004209948803,28.4423789901264,23.6));
#4645=CARTESIAN_POINT('',(45.5004209948803,4.9955,23.6));
#4646=CARTESIAN_POINT('',(45.5004209948803,28.4423789901264,39.));
#4647=CARTESIAN_POINT('Origin',(0.,0.,23.6));
#4648=CARTESIAN_POINT('',(-50.,32.5,23.6));
#4649=CARTESIAN_POINT('',(-49.1339745962156,32.0000000000001,23.6));
#4650=CARTESIAN_POINT('Origin',(-49.1339745962156,33.0000000000001,23.6));
#4651=CARTESIAN_POINT('',(-40.8660254037844,32.0000000000001,23.6));
#4652=CARTESIAN_POINT('',(-39.1692771242641,32.0000000000001,23.6));
#4653=CARTESIAN_POINT('',(-40.,32.5,23.6));
#4654=CARTESIAN_POINT('Origin',(-40.8660254037844,33.0000000000001,23.6));
#4655=CARTESIAN_POINT('',(54.8827371538052,32.5,23.6));
#4656=CARTESIAN_POINT('',(-34.5902485932282,32.5,23.6));
#4657=CARTESIAN_POINT('',(66.5,15.5948817687234,23.6));
#4658=CARTESIAN_POINT('Origin',(40.2981498029164,10.0331418101894,23.6));
#4659=CARTESIAN_POINT('',(66.5,-29.5,23.6));
#4660=CARTESIAN_POINT('',(66.5,-14.75,23.6));
#4661=CARTESIAN_POINT('',(63.4323808150837,-32.5,23.6));
#4662=CARTESIAN_POINT('Origin',(60.5653834017765,-26.5,23.6));
#4663=CARTESIAN_POINT('',(-63.4323808150836,-32.5,23.6));
#4664=CARTESIAN_POINT('',(-31.7161904075418,-32.5,23.6));
#4665=CARTESIAN_POINT('',(-66.5,-29.5,23.6));
#4666=CARTESIAN_POINT('Origin',(-60.5653834017766,-26.5,23.6));
#4667=CARTESIAN_POINT('',(-66.5,15.5948817687234,23.6));
#4668=CARTESIAN_POINT('',(-66.5,17.5,23.6));
#4669=CARTESIAN_POINT('',(-54.8827371538052,32.5,23.6));
#4670=CARTESIAN_POINT('Origin',(-40.2981498029164,10.0331418101894,23.6));
#4671=CARTESIAN_POINT('',(-33.25,32.5,23.6));
#4672=CARTESIAN_POINT('',(-62.0403834017766,-26.5,23.6));
#4673=CARTESIAN_POINT('Origin',(-60.5653834017766,-26.5,23.6));
#4674=CARTESIAN_POINT('',(-48.525,27.3842606855178,23.6));
#4675=CARTESIAN_POINT('Origin',(-50.,27.3842606855178,23.6));
#4676=CARTESIAN_POINT('',(51.475,27.3842606855178,23.6));
#4677=CARTESIAN_POINT('Origin',(50.,27.3842606855178,23.6));
#4678=CARTESIAN_POINT('',(62.0403834017765,-26.5,23.6));
#4679=CARTESIAN_POINT('Origin',(60.5653834017765,-26.5,23.6));
#4680=CARTESIAN_POINT('',(1.5,29.9907740467996,23.6));
#4681=CARTESIAN_POINT('',(-41.9090098520574,28.9907740467996,23.6));
#4682=CARTESIAN_POINT('',(-0.750000000000002,28.9907740467996,23.6));
#4683=CARTESIAN_POINT('',(-46.1117707058496,28.3232351026933,23.6));
#4684=CARTESIAN_POINT('Origin',(-35.8639359996752,-22.6322864013763,23.6));
#4685=CARTESIAN_POINT('',(-53.8045060207114,26.14905465478,23.6));
#4686=CARTESIAN_POINT('Origin',(-50.,27.3842606855178,23.6));
#4687=CARTESIAN_POINT('',(-59.9578390315093,23.4216724361585,23.6));
#4688=CARTESIAN_POINT('Origin',(-35.8639359996752,-22.6322864013763,23.6));
#4689=CARTESIAN_POINT('',(-63.5653834017765,14.9719649031375,23.6));
#4690=CARTESIAN_POINT('Origin',(-40.2981498029164,10.0331418101894,23.6));
#4691=CARTESIAN_POINT('',(-63.5653834017765,-4.59333121712226,23.6));
#4692=CARTESIAN_POINT('',(-63.5653834017765,-13.2499999252441,23.6));
#4693=CARTESIAN_POINT('',(-63.5653834017765,-13.3484906920989,23.6));
#4694=CARTESIAN_POINT('Origin',(-47.1386735777755,-8.97091095461058,23.6));
#4695=CARTESIAN_POINT('',(-63.5653834017766,-23.8542486889354,23.6));
#4696=CARTESIAN_POINT('',(-63.5653834017765,-13.2499999252441,23.6));
#4697=CARTESIAN_POINT('',(-57.919632090712,-29.5,23.6));
#4698=CARTESIAN_POINT('Origin',(-60.5653834017766,-26.5,23.6));
#4699=CARTESIAN_POINT('',(57.919632090712,-29.5,23.6));
#4700=CARTESIAN_POINT('',(30.2826916487035,-29.5,23.6));
#4701=CARTESIAN_POINT('',(63.5653834017766,-23.8542486889354,23.6));
#4702=CARTESIAN_POINT('Origin',(60.5653834017765,-26.5,23.6));
#4703=CARTESIAN_POINT('',(63.5653834017765,-13.3484906920989,23.6));
#4704=CARTESIAN_POINT('',(63.5653834017765,-9.61125,23.6));
#4705=CARTESIAN_POINT('',(64.1386702491912,-8.98154918104711,23.6));
#4706=CARTESIAN_POINT('Origin',(47.1386735777755,-8.97091095461058,23.6));
#4707=CARTESIAN_POINT('',(63.5653834017766,-4.61460766977206,23.6));
#4708=CARTESIAN_POINT('Origin',(47.1386735777755,-8.9921874072604,23.6));
#4709=CARTESIAN_POINT('',(63.5653834017765,14.9719649031376,23.6));
#4710=CARTESIAN_POINT('',(63.5653834017765,-9.61125,23.6));
#4711=CARTESIAN_POINT('',(59.9578390315021,23.4216724361623,23.6));
#4712=CARTESIAN_POINT('Origin',(40.2981498029164,10.0331418101894,23.6));
#4713=CARTESIAN_POINT('',(53.8045060207115,26.1490546547803,23.6));
#4714=CARTESIAN_POINT('Origin',(35.8639359996752,-22.6322864013763,23.6));
#4715=CARTESIAN_POINT('',(46.1117707058494,28.3232351026934,23.6));
#4716=CARTESIAN_POINT('Origin',(50.,27.3842606855178,23.6));
#4717=CARTESIAN_POINT('Origin',(35.8639359996752,-22.6322864013763,23.6));
#4718=CARTESIAN_POINT('Origin',(-49.1339745962156,33.0000000000001,14.6));
#4719=CARTESIAN_POINT('',(-50.,32.5,41.));
#4720=CARTESIAN_POINT('',(-50.,32.5,14.6));
#4721=CARTESIAN_POINT('',(-49.1339745962156,32.0000000000001,41.));
#4722=CARTESIAN_POINT('Origin',(-49.1339745962156,33.0000000000001,41.));
#4723=CARTESIAN_POINT('',(-49.1339745962156,32.0000000000001,14.6));
#4724=CARTESIAN_POINT('Origin',(-40.8660254037844,32.0000000000001,23.6));
#4725=CARTESIAN_POINT('',(-40.8660254037844,32.0000000000001,41.));
#4726=CARTESIAN_POINT('',(-24.5669872981078,32.,41.));
#4727=CARTESIAN_POINT('',(-40.8660254037844,32.0000000000001,23.6));
#4728=CARTESIAN_POINT('Origin',(-40.8660254037844,33.0000000000001,23.6));
#4729=CARTESIAN_POINT('',(-40.,32.5,41.));
#4730=CARTESIAN_POINT('Origin',(-40.8660254037844,33.0000000000001,41.));
#4731=CARTESIAN_POINT('',(-40.,32.5,23.6));
#4732=CARTESIAN_POINT('Origin',(-47.1386735777751,-8.97091095461105,41.));
#4733=CARTESIAN_POINT('',(-33.1386735777751,-8.97091095461105,41.));
#4734=CARTESIAN_POINT('',(-33.1386735777751,-8.97091095461105,41.));
#4735=CARTESIAN_POINT('Origin',(-47.1386735777751,-8.97091095461105,41.));
#4736=CARTESIAN_POINT('Origin',(47.1386735777755,-8.97091095461057,41.));
#4737=CARTESIAN_POINT('',(61.1386735777755,-8.97091095461057,41.));
#4738=CARTESIAN_POINT('',(61.1386735777755,-8.97091095461058,41.));
#4739=CARTESIAN_POINT('Origin',(47.1386735777755,-8.97091095461057,41.));
#4740=CARTESIAN_POINT('Origin',(-60.5653834017766,-26.5,25.6));
#4741=CARTESIAN_POINT('',(-60.5653834017766,-23.5,25.6));
#4742=CARTESIAN_POINT('Origin',(-60.5653834017766,-26.5,25.6));
#4743=CARTESIAN_POINT('',(-62.0403834017766,-26.5,25.6));
#4744=CARTESIAN_POINT('Origin',(-60.5653834017766,-26.5,25.6));
#4745=CARTESIAN_POINT('Origin',(50.,27.3842606855178,25.6));
#4746=CARTESIAN_POINT('',(52.909258515267,26.6519937319099,25.6));
#4747=CARTESIAN_POINT('Origin',(50.,27.3842606855178,25.6));
#4748=CARTESIAN_POINT('',(51.475,27.3842606855178,25.6));
#4749=CARTESIAN_POINT('Origin',(50.,27.3842606855178,25.6));
#4750=CARTESIAN_POINT('Origin',(60.5653834017765,-26.5,25.6));
#4751=CARTESIAN_POINT('',(57.5653834017765,-26.5,25.6));
#4752=CARTESIAN_POINT('Origin',(60.5653834017765,-26.5,25.6));
#4753=CARTESIAN_POINT('',(62.0403834017765,-26.5,25.6));
#4754=CARTESIAN_POINT('Origin',(60.5653834017765,-26.5,25.6));
#4755=CARTESIAN_POINT('Origin',(-50.,27.3842606855178,25.6));
#4756=CARTESIAN_POINT('',(-47.1378358260424,28.2831579217543,25.6));
#4757=CARTESIAN_POINT('Origin',(-50.,27.3842606855178,25.6));
#4758=CARTESIAN_POINT('',(-48.525,27.3842606855178,25.6));
#4759=CARTESIAN_POINT('Origin',(-50.,27.3842606855178,25.6));
#4760=CARTESIAN_POINT('Origin',(-60.5653834017766,-26.5,25.));
#4761=CARTESIAN_POINT('',(-62.0403834017766,-26.5,25.));
#4762=CARTESIAN_POINT('Origin',(1.5,28.991,39.));
#4763=CARTESIAN_POINT('Origin',(60.5653834017765,-26.5,39.));
#4764=CARTESIAN_POINT('',(57.919632090712,-29.5,25.));
#4765=CARTESIAN_POINT('',(63.5653834017765,-23.8542486889354,36.));
#4766=CARTESIAN_POINT('Origin',(60.565383297407,-29.5,37.));
#4767=CARTESIAN_POINT('',(-57.919632090712,-29.5,37.));
#4768=CARTESIAN_POINT('Origin',(-60.5653834017766,-26.5,39.));
#4769=CARTESIAN_POINT('',(-63.5653834017765,-23.8542486889354,36.));
#4770=CARTESIAN_POINT('Origin',(-63.5653834017765,-26.4999998504882,37.));
#4771=CARTESIAN_POINT('',(-63.5653834017765,-13.3484906920989,25.));
#4772=CARTESIAN_POINT('Origin',(-47.1386735777755,-8.97091095461058,39.));
#4773=CARTESIAN_POINT('',(-63.5653834017765,-4.59333121712226,25.));
#4774=CARTESIAN_POINT('Origin',(-63.5653834017765,-26.4999998504882,37.));
#4775=CARTESIAN_POINT('',(-63.5653834017765,14.9719649031376,36.));
#4776=CARTESIAN_POINT('Origin',(-40.2981498029164,10.0331418101894,37.));
#4777=CARTESIAN_POINT('',(-59.9578390315094,23.4216724361584,36.));
#4778=CARTESIAN_POINT('Origin',(35.8639359996752,-22.6322864013763,39.));
#4779=CARTESIAN_POINT('',(46.1117707058494,28.3232351026934,36.));
#4780=CARTESIAN_POINT('Origin',(-35.8639359996752,-22.6322864013763,39.));
#4781=CARTESIAN_POINT('',(-53.8045060207115,26.1490546547803,39.));
#4782=CARTESIAN_POINT('Origin',(-50.,27.3842606855178,39.));
#4783=CARTESIAN_POINT('',(-46.1117707058496,28.3232351026933,36.));
#4784=CARTESIAN_POINT('Origin',(-35.8639359996752,-22.6322864013763,39.));
#4785=CARTESIAN_POINT('',(-41.9090098520574,28.9907740467996,25.));
#4786=CARTESIAN_POINT('Origin',(-1.5,28.9907740467996,39.));
#4787=CARTESIAN_POINT('Origin',(-40.2981498029164,10.0331418101894,37.));
#4788=CARTESIAN_POINT('',(-66.5,15.5948817687234,41.));
#4789=CARTESIAN_POINT('',(-66.5,15.5948817687234,25.));
#4790=CARTESIAN_POINT('',(-54.8827371538052,32.5,41.));
#4791=CARTESIAN_POINT('Origin',(-40.2981498029164,10.0331418101894,41.));
#4792=CARTESIAN_POINT('',(-54.8827371538052,32.5,22.));
#4793=CARTESIAN_POINT('Origin',(-66.5,35.,37.));
#4794=CARTESIAN_POINT('',(-66.5,-29.5,41.));
#4795=CARTESIAN_POINT('',(-66.5,-29.5,37.));
#4796=CARTESIAN_POINT('',(-66.5,18.125,41.));
#4797=CARTESIAN_POINT('Origin',(-60.5653834017766,-26.5,37.));
#4798=CARTESIAN_POINT('',(-63.4323808150836,-32.5,41.));
#4799=CARTESIAN_POINT('',(-63.4323808150836,-32.5,37.));
#4800=CARTESIAN_POINT('Origin',(-60.5653834017766,-26.5,41.));
#4801=CARTESIAN_POINT('Origin',(-63.4323808150836,-32.5,37.));
#4802=CARTESIAN_POINT('',(63.4323808150836,-32.5,41.));
#4803=CARTESIAN_POINT('',(63.4323808150836,-32.5,37.));
#4804=CARTESIAN_POINT('',(-31.7161904075418,-32.5,41.));
#4805=CARTESIAN_POINT('Origin',(60.5653834017765,-26.5,37.));
#4806=CARTESIAN_POINT('',(66.5,-29.5,41.));
#4807=CARTESIAN_POINT('',(66.5,-29.5,37.));
#4808=CARTESIAN_POINT('Origin',(60.5653834017765,-26.5,41.));
#4809=CARTESIAN_POINT('Origin',(66.5,-29.5,37.));
#4810=CARTESIAN_POINT('',(66.5,15.5948817687234,41.));
#4811=CARTESIAN_POINT('',(66.5,15.5948817687234,22.));
#4812=CARTESIAN_POINT('',(66.5,-14.125,41.));
#4813=CARTESIAN_POINT('Origin',(-4.44089209850063E-15,1.25,41.));
#4814=CARTESIAN_POINT('',(-33.25,32.5,41.));
#4815=CARTESIAN_POINT('',(54.8827371538051,32.5,41.));
#4816=CARTESIAN_POINT('Origin',(40.2981498029164,10.0331418101894,41.));
#4817=CARTESIAN_POINT('',(-33.25,32.5,41.));
#4818=CARTESIAN_POINT('',(-47.1378358260424,28.2831579217543,41.));
#4819=CARTESIAN_POINT('Origin',(-50.,27.3842606855178,41.));
#4820=CARTESIAN_POINT('',(57.5653834017765,-26.5,41.));
#4821=CARTESIAN_POINT('Origin',(60.5653834017765,-26.5,41.));
#4822=CARTESIAN_POINT('',(-60.5653834017766,-23.5,41.));
#4823=CARTESIAN_POINT('Origin',(-60.5653834017766,-26.5,41.));
#4824=CARTESIAN_POINT('',(52.909258515267,26.6519937319099,41.));
#4825=CARTESIAN_POINT('Origin',(50.,27.3842606855178,41.));
#4826=CARTESIAN_POINT('Origin',(47.1386735777755,-8.97091095461058,39.));
#4827=CARTESIAN_POINT('',(63.5653834017765,-13.3484906920989,39.));
#4828=CARTESIAN_POINT('',(64.138670249191,-8.9815491810471,39.));
#4829=CARTESIAN_POINT('Origin',(47.1386735777755,-8.9921874072604,39.));
#4830=CARTESIAN_POINT('',(63.5653834017765,-4.61460766977205,39.));
#4831=CARTESIAN_POINT('Origin',(40.2981498029164,10.0331418101894,37.));
#4832=CARTESIAN_POINT('',(54.8827371538051,32.5,22.));
#4833=CARTESIAN_POINT('Origin',(-66.5,32.5,0.));
#4834=CARTESIAN_POINT('Origin',(-66.5,32.5,0.));
#4835=CARTESIAN_POINT('Origin',(63.5653834017765,-19.2225,37.));
#4836=CARTESIAN_POINT('Origin',(63.5653834017765,-19.2225,37.));
#4837=CARTESIAN_POINT('',(63.5653834017765,14.9719649031376,37.));
#4838=CARTESIAN_POINT('Origin',(-50.,27.3842606855178,39.));
#4839=CARTESIAN_POINT('',(-47.1378358260424,28.2831579217543,39.));
#4840=CARTESIAN_POINT('Origin',(50.,27.3842606855178,39.));
#4841=CARTESIAN_POINT('',(52.909258515267,26.6519937319099,39.));
#4842=CARTESIAN_POINT('Origin',(60.5653834017765,-26.5,39.));
#4843=CARTESIAN_POINT('',(57.5653834017765,-26.5,39.));
#4844=CARTESIAN_POINT('Origin',(-60.5653834017766,-26.5,39.));
#4845=CARTESIAN_POINT('',(-60.5653834017766,-23.5,39.));
#4846=CARTESIAN_POINT('Origin',(50.,27.3842606855178,39.));
#4847=CARTESIAN_POINT('',(53.8045060207115,26.1490546547803,39.));
#4848=CARTESIAN_POINT('Origin',(-50.,27.3842606855178,37.));
#4849=CARTESIAN_POINT('',(-48.525,27.3842606855178,37.));
#4850=CARTESIAN_POINT('Origin',(50.,27.3842606855178,37.));
#4851=CARTESIAN_POINT('',(51.475,27.3842606855178,37.));
#4852=CARTESIAN_POINT('Origin',(60.5653834017765,-26.5,37.));
#4853=CARTESIAN_POINT('',(62.0403834017765,-26.5,37.));
#4854=CARTESIAN_POINT('Origin',(35.8639359996752,-22.6322864013763,39.));
#4855=CARTESIAN_POINT('',(59.9578390315093,23.4216724361585,39.));
#4856=CARTESIAN_POINT('Origin',(40.2981498029164,10.0331418101894,37.));
#4857=CARTESIAN_POINT('Origin',(-46.1339745962156,33.0000000000001,23.6));
#4858=CARTESIAN_POINT('',(-47.,32.5,23.6));
#4859=CARTESIAN_POINT('',(-46.1339745962156,32.,23.6));
#4860=CARTESIAN_POINT('Origin',(-46.1339745962156,33.0000000000001,23.6));
#4861=CARTESIAN_POINT('',(-46.1339745962156,32.0000000000001,10.6));
#4862=CARTESIAN_POINT('',(-46.1339745962156,32.0000000000001,23.6));
#4863=CARTESIAN_POINT('',(-47.,32.5,10.6));
#4864=CARTESIAN_POINT('Origin',(-46.1339745962156,33.0000000000001,10.6));
#4865=CARTESIAN_POINT('',(-47.,32.5,23.6));
#4866=CARTESIAN_POINT('Origin',(-36.8660254037844,33.0000000000001,30.6));
#4867=CARTESIAN_POINT('',(-36.,32.5,10.6));
#4868=CARTESIAN_POINT('',(-36.8660254037844,32.0000000000001,10.6));
#4869=CARTESIAN_POINT('Origin',(-36.8660254037844,33.0000000000001,10.6));
#4870=CARTESIAN_POINT('',(-36.8660254037844,32.,23.6));
#4871=CARTESIAN_POINT('',(-36.8660254037844,32.0000000000001,30.6));
#4872=CARTESIAN_POINT('',(-36.,32.5,23.6));
#4873=CARTESIAN_POINT('Origin',(-36.8660254037844,33.0000000000001,23.6));
#4874=CARTESIAN_POINT('',(-36.,32.5,30.6));
#4875=CARTESIAN_POINT('Origin',(0.,0.,10.6));
#4876=CARTESIAN_POINT('',(52.952750973475,32.5,10.6));
#4877=CARTESIAN_POINT('',(27.4413685769026,32.5,10.6));
#4878=CARTESIAN_POINT('',(65.5653834017765,15.1776100983215,10.6));
#4879=CARTESIAN_POINT('Origin',(40.2981498029164,10.0331418101894,10.6));
#4880=CARTESIAN_POINT('',(65.5653834017765,-25.5,10.6));
#4881=CARTESIAN_POINT('',(65.5653834017765,-23.7676014919055,10.6));
#4882=CARTESIAN_POINT('',(59.5653834017766,-31.5,10.6));
#4883=CARTESIAN_POINT('Origin',(59.5653834017766,-25.5,10.6));
#4884=CARTESIAN_POINT('',(-59.5653834017766,-31.5,10.6));
#4885=CARTESIAN_POINT('',(60.565383297407,-31.5,10.6));
#4886=CARTESIAN_POINT('',(-65.5653834017766,-25.5,10.6));
#4887=CARTESIAN_POINT('Origin',(-59.5653834017766,-25.5,10.6));
#4888=CARTESIAN_POINT('',(-65.5653834017765,15.1776100983216,10.6));
#4889=CARTESIAN_POINT('',(-65.5653834017766,-26.4999998504882,10.6));
#4890=CARTESIAN_POINT('',(-52.9527509734751,32.5,10.6));
#4891=CARTESIAN_POINT('Origin',(-40.2981498029164,10.0331418101894,10.6));
#4892=CARTESIAN_POINT('',(27.4413685769026,32.5,10.6));
#4893=CARTESIAN_POINT('',(-25.,32.0000000000001,10.6));
#4894=CARTESIAN_POINT('',(57.222652844449,-29.5,10.6));
#4895=CARTESIAN_POINT('',(57.222652844449,-14.7775,10.6));
#4896=CARTESIAN_POINT('',(57.222652844449,-15.7775,10.6));
#4897=CARTESIAN_POINT('',(63.5653834017765,-14.7775,10.6));
#4898=CARTESIAN_POINT('',(58.222652844449,-14.7775,10.6));
#4899=CARTESIAN_POINT('',(63.5653834017765,-0.500500000000006,10.6));
#4900=CARTESIAN_POINT('',(63.5653834017765,0.388749999999998,10.6));
#4901=CARTESIAN_POINT('',(-58.222347155551,-0.500500000000006,10.6));
#4902=CARTESIAN_POINT('',(-58.222347155551,-0.500500000000005,10.6));
#4903=CARTESIAN_POINT('',(-58.222347155551,-0.500000000000003,10.6));
#4904=CARTESIAN_POINT('',(-58.222347155551,4.2225,10.6));
#4905=CARTESIAN_POINT('',(-63.5653834017765,-0.500000000000003,10.6));
#4906=CARTESIAN_POINT('',(-58.222652844449,-0.500000000000003,10.6));
#4907=CARTESIAN_POINT('',(-63.5653834017765,-14.5,10.6));
#4908=CARTESIAN_POINT('',(-63.5653834017765,-7.25,10.6));
#4909=CARTESIAN_POINT('',(-57.222652844449,-14.5,10.6));
#4910=CARTESIAN_POINT('',(-64.,-14.5,10.6));
#4911=CARTESIAN_POINT('',(-57.222652844449,-29.5,10.6));
#4912=CARTESIAN_POINT('',(-57.222652844449,-24.6260700291197,10.6));
#4913=CARTESIAN_POINT('',(-0.75,-29.5,10.6));
#4914=CARTESIAN_POINT('',(-23.0021570236399,10.0669410593957,10.6));
#4915=CARTESIAN_POINT('',(-22.9819288796288,10.0735017191385,10.6));
#4916=CARTESIAN_POINT('Origin',(-25.460139832121,17.6799772811151,10.6));
#4917=CARTESIAN_POINT('',(-23.0021570229587,10.0735017212386,10.6));
#4918=CARTESIAN_POINT('',(-22.493986861813,10.0735016684785,10.6));
#4919=CARTESIAN_POINT('',(-23.0021569277006,10.991,10.6));
#4920=CARTESIAN_POINT('',(-63.5653834017765,5.2225,10.6));
#4921=CARTESIAN_POINT('',(-63.565,5.2225,10.6));
#4922=CARTESIAN_POINT('',(-59.222652844449,5.2225,10.6));
#4923=CARTESIAN_POINT('',(-63.565,14.9737707978624,10.6));
#4924=CARTESIAN_POINT('',(-63.565,29.5,10.6));
#4925=CARTESIAN_POINT('',(-63.5653834017765,14.9719649031376,10.6));
#4926=CARTESIAN_POINT('Origin',(-40.2981498029164,10.0331418101894,10.6));
#4927=CARTESIAN_POINT('',(-63.5653834017765,2.11125,10.6));
#4928=CARTESIAN_POINT('Origin',(42.3439441688529,28.9997742093161,13.6));
#4929=CARTESIAN_POINT('',(42.3439441688529,28.9997742093161,13.6));
#4930=CARTESIAN_POINT('',(42.3439442290572,9.57350109829594,13.6));
#4931=CARTESIAN_POINT('',(42.3439441876623,22.9305121195244,13.6));
#4932=CARTESIAN_POINT('',(42.3439441688529,28.9997742093161,12.6));
#4933=CARTESIAN_POINT('',(42.3439441688529,28.9997742093161,13.6));
#4934=CARTESIAN_POINT('',(42.3439442290572,9.57350109829594,12.6));
#4935=CARTESIAN_POINT('',(42.3439442290572,9.57350109829594,12.6));
#4936=CARTESIAN_POINT('',(42.3439442290572,9.57350109829594,13.6));
#4937=CARTESIAN_POINT('Origin',(-10.095672416788,28.9997740467996,13.6));
#4938=CARTESIAN_POINT('',(26.500013138187,28.9997740467996,13.6));
#4939=CARTESIAN_POINT('',(-10.095672416788,28.9997740467996,13.6));
#4940=CARTESIAN_POINT('',(7.87400680751207,28.9997740467996,13.6));
#4941=CARTESIAN_POINT('',(-10.095672416788,28.9997740467996,12.6));
#4942=CARTESIAN_POINT('',(-10.095672416788,28.9997740467996,13.6));
#4943=CARTESIAN_POINT('',(-10.095672416788,28.9997740467996,12.6));
#4944=CARTESIAN_POINT('',(11.3271640112152,28.9997741131915,13.6));
#4945=CARTESIAN_POINT('Origin',(-10.095672416788,9.57350109829594,13.6));
#4946=CARTESIAN_POINT('',(-10.095672416788,9.57350109829594,13.6));
#4947=CARTESIAN_POINT('',(-10.095672416788,13.217375549148,13.6));
#4948=CARTESIAN_POINT('',(-10.095672416788,9.57350109829594,12.6));
#4949=CARTESIAN_POINT('',(-10.095672416788,9.57350109829594,13.6));
#4950=CARTESIAN_POINT('',(-10.095672416788,28.9997740467996,12.6));
#4951=CARTESIAN_POINT('Origin',(42.3439442290572,9.57350109829594,13.6));
#4952=CARTESIAN_POINT('',(37.5469723529472,9.57350109829594,13.6));
#4953=CARTESIAN_POINT('',(-10.095672416788,9.57350109829594,12.6));
#4954=CARTESIAN_POINT('Origin',(16.1241359061346,19.286637653806,12.6));
#4955=CARTESIAN_POINT('Origin',(32.7500004768372,16.86125,13.6));
#4956=CARTESIAN_POINT('',(-20.001986861813,28.9997740467996,13.6));
#4957=CARTESIAN_POINT('',(7.87400680751207,28.9997740467996,13.6));
#4958=CARTESIAN_POINT('',(-20.001986861813,11.0735017723023,13.6000000044496));
#4959=CARTESIAN_POINT('',(-20.001986861813,18.4489439547755,13.6));
#4960=CARTESIAN_POINT('',(-17.001986861813,11.0735017723023,13.6000000044496));
#4961=CARTESIAN_POINT('',(-17.001986861813,11.0735017723023,13.6000000044496));
#4962=CARTESIAN_POINT('',(-17.001986861813,9.57350177230225,13.6));
#4963=CARTESIAN_POINT('',(-17.001986861813,23.4260120233998,13.6));
#4964=CARTESIAN_POINT('',(-17.0021570748706,9.57350109829594,13.6));
#4965=CARTESIAN_POINT('',(4.87800680751207,9.57350172039036,13.6));
#4966=CARTESIAN_POINT('',(-21.993986861813,9.57349933306761,13.6));
#4967=CARTESIAN_POINT('',(6.87392134861812,9.57349861939107,13.6));
#4968=CARTESIAN_POINT('',(-24.993986861813,9.57349933306761,13.6));
#4969=CARTESIAN_POINT('',(4.62800680751208,9.57349933306761,13.6));
#4970=CARTESIAN_POINT('',(-24.993986861813,30.5,13.6));
#4971=CARTESIAN_POINT('',(-24.993986861813,13.2173746665338,13.6));
#4972=CARTESIAN_POINT('',(-50.,30.5000004768372,13.6));
#4973=CARTESIAN_POINT('',(43.8163688153212,30.5,13.6));
#4974=CARTESIAN_POINT('',(-50.,30.3842606855178,13.6));
#4975=CARTESIAN_POINT('',(-50.,27.3842606855178,13.6));
#4976=CARTESIAN_POINT('',(-53.,27.3842606855178,13.6));
#4977=CARTESIAN_POINT('Origin',(-50.,27.3842606855178,13.6));
#4978=CARTESIAN_POINT('',(-56.5675937596589,27.3842606855178,13.6));
#4979=CARTESIAN_POINT('',(-10.6249997615814,27.3842606855178,13.6));
#4980=CARTESIAN_POINT('',(-63.565,14.9737707978624,13.6));
#4981=CARTESIAN_POINT('Origin',(-40.2981498029164,10.0331418101894,13.6));
#4982=CARTESIAN_POINT('',(-63.565,5.2225,13.6));
#4983=CARTESIAN_POINT('',(-63.565,23.180625,13.6));
#4984=CARTESIAN_POINT('',(-57.222652844449,5.2225,13.6));
#4985=CARTESIAN_POINT('',(-13.2363261838059,5.2225,13.6));
#4986=CARTESIAN_POINT('',(-57.222652844449,-0.500000000000003,13.6));
#4987=CARTESIAN_POINT('',(-57.222652844449,8.180625,13.6));
#4988=CARTESIAN_POINT('',(-58.222347155551,-0.500000000000003,13.6));
#4989=CARTESIAN_POINT('',(-12.7363261838059,-0.500000000000003,13.6));
#4990=CARTESIAN_POINT('',(-58.222347155551,-0.500500000000006,13.6));
#4991=CARTESIAN_POINT('',(-58.222347155551,10.541875,13.6));
#4992=CARTESIAN_POINT('',(57.222652844449,-0.500500000000006,13.6));
#4993=CARTESIAN_POINT('',(17.710759299975,-0.500500000000005,13.6));
#4994=CARTESIAN_POINT('',(57.222652844449,5.2225,13.6));
#4995=CARTESIAN_POINT('',(57.222652844449,10.541875,13.6));
#4996=CARTESIAN_POINT('',(63.5653834017765,5.2225,13.6));
#4997=CARTESIAN_POINT('',(45.4863266606431,5.2225,13.6));
#4998=CARTESIAN_POINT('',(63.5653834017765,14.9719649031376,13.6));
#4999=CARTESIAN_POINT('',(63.5653834017765,15.9166074515688,13.6));
#5000=CARTESIAN_POINT('',(56.5675937596589,27.3842606855178,13.6));
#5001=CARTESIAN_POINT('Origin',(40.2981498029164,10.0331418101894,13.6));
#5002=CARTESIAN_POINT('',(53.,27.3842606855178,13.6));
#5003=CARTESIAN_POINT('',(26.5,27.3842606855178,13.6));
#5004=CARTESIAN_POINT('',(50.,30.3842606855178,13.6));
#5005=CARTESIAN_POINT('Origin',(50.,27.3842606855178,13.6));
#5006=CARTESIAN_POINT('',(50.,30.5000004768372,13.6));
#5007=CARTESIAN_POINT('',(50.,24.1227553427589,13.6));
#5008=CARTESIAN_POINT('',(-17.0021549022023,30.5000002691896,13.6));
#5009=CARTESIAN_POINT('',(41.0851400705395,30.5000004768372,13.6));
#5010=CARTESIAN_POINT('',(-17.0021549022258,30.4997740467996,13.6));
#5011=CARTESIAN_POINT('',(-17.0021566705936,13.4673781318765,13.6));
#5012=CARTESIAN_POINT('',(26.500013138187,30.4997740467996,13.6));
#5013=CARTESIAN_POINT('',(4.87800680751207,30.4997740467996,13.6));
#5014=CARTESIAN_POINT('',(26.500013138187,29.9823444821626,13.6));
#5015=CARTESIAN_POINT('',(48.5,9.24994618592229,13.6));
#5016=CARTESIAN_POINT('',(53.,9.24994618592229,13.6));
#5017=CARTESIAN_POINT('',(41.3750002384186,9.24994618592229,13.6));
#5018=CARTESIAN_POINT('',(48.5,23.0000003427267,13.6));
#5019=CARTESIAN_POINT('',(48.5,21.29359914517,13.6));
#5020=CARTESIAN_POINT('',(53.,23.0000003427267,13.6));
#5021=CARTESIAN_POINT('',(50.0000007450581,23.0000003427267,13.6));
#5022=CARTESIAN_POINT('',(53.,21.29359914517,13.6));
#5023=CARTESIAN_POINT('Origin',(60.5653834017765,-26.5,39.6));
#5024=CARTESIAN_POINT('',(63.5653834017765,-26.5,16.6));
#5025=CARTESIAN_POINT('',(60.565383297407,-29.5,16.6));
#5026=CARTESIAN_POINT('Origin',(60.5653834017765,-26.5,16.6));
#5027=CARTESIAN_POINT('',(60.565383297407,-29.5,23.6));
#5028=CARTESIAN_POINT('',(60.565383297407,-29.5,39.6));
#5029=CARTESIAN_POINT('',(63.5653834017765,-26.5,23.6));
#5030=CARTESIAN_POINT('Origin',(60.5653834017765,-26.5,23.6));
#5031=CARTESIAN_POINT('',(63.5653834017765,-26.5,39.6));
#5032=CARTESIAN_POINT('Origin',(57.222652844449,4.2225,37.6));
#5033=CARTESIAN_POINT('',(57.222652844449,-0.500500000000006,18.6));
#5034=CARTESIAN_POINT('',(57.222652844449,5.2225,18.6));
#5035=CARTESIAN_POINT('',(57.222652844449,3.29175,18.6));
#5036=CARTESIAN_POINT('',(57.222652844449,5.2225,20.6));
#5037=CARTESIAN_POINT('',(57.222652844449,-0.500500000000005,33.6));
#5038=CARTESIAN_POINT('Origin',(57.222652844449,-15.7775,15.6));
#5039=CARTESIAN_POINT('',(57.222652844449,-20.2225,18.6));
#5040=CARTESIAN_POINT('',(57.222652844449,-14.7775,18.6));
#5041=CARTESIAN_POINT('',(57.222652844449,-16.63875,18.6));
#5042=CARTESIAN_POINT('',(57.222652844449,-14.7775,15.6));
#5043=CARTESIAN_POINT('',(57.222652844449,-29.5,16.6));
#5044=CARTESIAN_POINT('',(57.222652844449,-29.5,16.1));
#5045=CARTESIAN_POINT('',(57.222652844449,-20.2225,16.6));
#5046=CARTESIAN_POINT('',(57.222652844449,-24.6260700291196,16.6));
#5047=CARTESIAN_POINT('',(57.222652844449,-20.2225,15.6));
#5048=CARTESIAN_POINT('Origin',(-57.222652844449,-19.2225,15.6));
#5049=CARTESIAN_POINT('',(-57.222652844449,-14.5,18.6));
#5050=CARTESIAN_POINT('',(-57.222652844449,-20.2225,18.6));
#5051=CARTESIAN_POINT('',(-57.222652844449,-18.291875,18.6));
#5052=CARTESIAN_POINT('',(-57.222652844449,-20.2225,16.6));
#5053=CARTESIAN_POINT('',(-57.222652844449,-20.2225,27.6));
#5054=CARTESIAN_POINT('',(-57.222652844449,-29.5,16.6));
#5055=CARTESIAN_POINT('',(-57.222652844449,-20.2225,16.6));
#5056=CARTESIAN_POINT('',(-57.222652844449,-29.5,13.6));
#5057=CARTESIAN_POINT('',(-57.222652844449,-14.5,11.6));
#5058=CARTESIAN_POINT('Origin',(-57.222652844449,-0.500000000000004,15.6));
#5059=CARTESIAN_POINT('',(-57.222652844449,5.2225,18.6));
#5060=CARTESIAN_POINT('',(-57.222652844449,5.2225,27.6));
#5061=CARTESIAN_POINT('',(-57.222652844449,-0.500000000000003,18.6));
#5062=CARTESIAN_POINT('',(-57.222652844449,0.930624999999997,18.6));
#5063=CARTESIAN_POINT('',(-57.222652844449,-0.500000000000003,27.6));
#5064=CARTESIAN_POINT('Origin',(-60.5,2.5,22.6));
#5065=CARTESIAN_POINT('',(-62.,2.5,22.6));
#5066=CARTESIAN_POINT('Origin',(-60.5,2.5,22.6));
#5067=CARTESIAN_POINT('Origin',(60.5,-17.5,22.6));
#5068=CARTESIAN_POINT('',(59.,-17.5,22.6));
#5069=CARTESIAN_POINT('Origin',(60.5,-17.5,22.6));
#5070=CARTESIAN_POINT('Origin',(60.5,2.5,22.6));
#5071=CARTESIAN_POINT('',(59.,2.5,22.6));
#5072=CARTESIAN_POINT('Origin',(60.5,2.5,22.6));
#5073=CARTESIAN_POINT('Origin',(-60.5,-17.5,22.6));
#5074=CARTESIAN_POINT('',(-62.,-17.5,22.6));
#5075=CARTESIAN_POINT('Origin',(-60.5,-17.5,22.6));
#5076=CARTESIAN_POINT('Origin',(60.8940181231128,2.361,18.6));
#5077=CARTESIAN_POINT('',(63.5653834017765,-0.500500000000006,18.6));
#5078=CARTESIAN_POINT('',(58.222652844449,-0.500500000000006,18.6));
#5079=CARTESIAN_POINT('',(63.5653834017765,5.2225,18.6));
#5080=CARTESIAN_POINT('',(63.5653834017765,5.2225,18.6));
#5081=CARTESIAN_POINT('',(58.222652844449,5.2225,18.6));
#5082=CARTESIAN_POINT('',(59.,2.5,18.6));
#5083=CARTESIAN_POINT('Origin',(60.5,2.5,18.6));
#5084=CARTESIAN_POINT('Origin',(-60.8940181231128,2.36125,18.6));
#5085=CARTESIAN_POINT('',(-63.5653834017765,-0.500000000000002,18.6));
#5086=CARTESIAN_POINT('',(-63.5653834017765,5.2225,18.6));
#5087=CARTESIAN_POINT('',(-63.5653834017765,5.2225,18.6));
#5088=CARTESIAN_POINT('',(-58.222652844449,-0.500000000000002,18.6));
#5089=CARTESIAN_POINT('',(-58.222652844449,5.2225,18.6));
#5090=CARTESIAN_POINT('',(-62.,2.5,18.6));
#5091=CARTESIAN_POINT('Origin',(-60.5,2.5,18.6));
#5092=CARTESIAN_POINT('Origin',(-60.8940181231128,-17.36125,18.6));
#5093=CARTESIAN_POINT('',(-63.5653834017765,-20.2225,18.6));
#5094=CARTESIAN_POINT('',(-63.5653834017765,-14.5,18.6));
#5095=CARTESIAN_POINT('',(-63.5653834017765,-14.5,18.6));
#5096=CARTESIAN_POINT('',(-58.222652844449,-20.2225,18.6));
#5097=CARTESIAN_POINT('',(-59.5583354837809,-14.5,18.6));
#5098=CARTESIAN_POINT('',(-62.,-17.5,18.6));
#5099=CARTESIAN_POINT('Origin',(-60.5,-17.5,18.6));
#5100=CARTESIAN_POINT('Origin',(60.8940181231128,-17.5,18.6));
#5101=CARTESIAN_POINT('',(63.5653834017765,-20.2225,18.6));
#5102=CARTESIAN_POINT('',(58.222652844449,-20.2225,18.6));
#5103=CARTESIAN_POINT('',(63.5653834017765,-14.7775,18.6));
#5104=CARTESIAN_POINT('',(63.5653834017765,-14.7775,18.6));
#5105=CARTESIAN_POINT('',(60.0583354837809,-14.7775,18.6));
#5106=CARTESIAN_POINT('',(59.,-17.5,18.6));
#5107=CARTESIAN_POINT('Origin',(60.5,-17.5,18.6));
#5108=CARTESIAN_POINT('Origin',(-59.222652844449,5.2225,15.6));
#5109=CARTESIAN_POINT('',(-63.565,5.2225,15.6));
#5110=CARTESIAN_POINT('',(-63.5653834017765,5.2225,26.6));
#5111=CARTESIAN_POINT('Origin',(-58.222652844449,-14.5,15.6));
#5112=CARTESIAN_POINT('',(-63.5653834017765,-14.5,15.6));
#5113=CARTESIAN_POINT('Origin',(-37.0000005364418,31.5000004693866,23.6));
#5114=CARTESIAN_POINT('',(-52.9527509734751,32.5,23.6));
#5115=CARTESIAN_POINT('',(8.94136830868167,32.5,23.6));
#5116=CARTESIAN_POINT('',(-65.5653834017765,15.1776100983216,23.6));
#5117=CARTESIAN_POINT('Origin',(-40.2981498029164,10.0331418101894,23.6));
#5118=CARTESIAN_POINT('',(-65.5653834017766,-25.5,23.6));
#5119=CARTESIAN_POINT('',(-65.5653834017766,23.3388052838541,23.6));
#5120=CARTESIAN_POINT('',(-59.5653834017766,-31.5,23.6));
#5121=CARTESIAN_POINT('Origin',(-59.5653834017766,-25.5,23.6));
#5122=CARTESIAN_POINT('',(59.5653834017766,-31.5,23.6));
#5123=CARTESIAN_POINT('',(-50.9747044102183,-31.5,23.6));
#5124=CARTESIAN_POINT('',(65.5653834017765,-25.5,23.6));
#5125=CARTESIAN_POINT('Origin',(59.5653834017766,-25.5,23.6));
#5126=CARTESIAN_POINT('',(65.5653834017765,15.1776100983215,23.6));
#5127=CARTESIAN_POINT('',(65.5653834017765,0.307987793584152,23.6));
#5128=CARTESIAN_POINT('',(52.952750973475,32.5,23.6));
#5129=CARTESIAN_POINT('Origin',(40.2981498029164,10.0331418101894,23.6));
#5130=CARTESIAN_POINT('',(8.94136830868167,32.5,23.6));
#5131=CARTESIAN_POINT('',(-43.5000002682209,32.,23.6));
#5132=CARTESIAN_POINT('',(62.2653834017765,-26.5,23.6));
#5133=CARTESIAN_POINT('Origin',(60.5653834017765,-26.5,23.6));
#5134=CARTESIAN_POINT('',(51.7,27.3842606855178,23.6));
#5135=CARTESIAN_POINT('Origin',(50.,27.3842606855178,23.6));
#5136=CARTESIAN_POINT('',(-58.8653834017766,-26.5,23.6));
#5137=CARTESIAN_POINT('Origin',(-60.5653834017766,-26.5,23.6));
#5138=CARTESIAN_POINT('',(-48.3,27.3842606855178,23.6));
#5139=CARTESIAN_POINT('Origin',(-50.,27.3842606855178,23.6));
#5140=CARTESIAN_POINT('',(53.,27.3842606855178,23.6));
#5141=CARTESIAN_POINT('',(50.,30.3842606855178,23.6));
#5142=CARTESIAN_POINT('Origin',(50.,27.3842606855178,23.6));
#5143=CARTESIAN_POINT('',(56.5675937596589,27.3842606855178,23.6));
#5144=CARTESIAN_POINT('',(7.9999997317791,27.3842606855178,23.6));
#5145=CARTESIAN_POINT('',(63.5653834017765,14.9719649031376,23.6));
#5146=CARTESIAN_POINT('Origin',(40.2981498029164,10.0331418101894,23.6));
#5147=CARTESIAN_POINT('',(63.5653834017765,23.2359826862621,23.6));
#5148=CARTESIAN_POINT('',(-60.5653834017766,-29.5,23.6));
#5149=CARTESIAN_POINT('',(13.4999997317791,-29.5,23.6));
#5150=CARTESIAN_POINT('',(-63.5653834017766,-26.4999998504882,23.6));
#5151=CARTESIAN_POINT('Origin',(-60.5653834017766,-26.5,23.6));
#5152=CARTESIAN_POINT('',(-63.5653834017765,14.9719649031376,23.6));
#5153=CARTESIAN_POINT('',(-63.5653834017765,5.63875023469329,23.6));
#5154=CARTESIAN_POINT('',(-56.5675937596589,27.3842606855178,23.6));
#5155=CARTESIAN_POINT('Origin',(-40.2981498029164,10.0331418101894,23.6));
#5156=CARTESIAN_POINT('',(-53.,27.3842606855178,23.6));
#5157=CARTESIAN_POINT('',(-45.5000002682209,27.3842606855178,23.6));
#5158=CARTESIAN_POINT('',(-50.,30.3842606855178,23.6));
#5159=CARTESIAN_POINT('Origin',(-50.,27.3842606855178,23.6));
#5160=CARTESIAN_POINT('',(-50.,30.5000004768372,23.6));
#5161=CARTESIAN_POINT('',(-50.,30.9421305774522,23.6));
#5162=CARTESIAN_POINT('',(-22.999576979645,30.5000004768372,23.6));
#5163=CARTESIAN_POINT('',(-17.7500002682209,30.5000004768372,23.6));
#5164=CARTESIAN_POINT('',(-22.999576979645,30.4997740467996,23.6));
#5165=CARTESIAN_POINT('',(-22.999576979645,15.9998871426091,23.6));
#5166=CARTESIAN_POINT('',(-21.993986861813,30.4997740467996,23.6));
#5167=CARTESIAN_POINT('',(-11.7469934309065,30.4997740467996,23.6));
#5168=CARTESIAN_POINT('',(-21.993986861813,30.5000004768372,23.6));
#5169=CARTESIAN_POINT('',(-21.993986861813,30.7452740467996,23.6));
#5170=CARTESIAN_POINT('',(-19.0021549022023,30.5000004768372,23.6));
#5171=CARTESIAN_POINT('',(-28.0010777193221,30.5000004768372,23.6));
#5172=CARTESIAN_POINT('',(-17.0021549022023,30.5000002691896,23.6));
#5173=CARTESIAN_POINT('',(-17.7500002682209,30.5000004768372,23.6));
#5174=CARTESIAN_POINT('',(50.,30.5000004768372,23.6));
#5175=CARTESIAN_POINT('',(-17.7500002682209,30.5000004768372,23.6));
#5176=CARTESIAN_POINT('',(50.,31.4421305774522,23.6));
#5177=CARTESIAN_POINT('Origin',(-41.8228757854018,32.0000000000001,15.6));
#5178=CARTESIAN_POINT('Origin',(59.5653834017766,-25.5,23.6));
#5179=CARTESIAN_POINT('',(65.5653834017765,-25.5,23.6));
#5180=CARTESIAN_POINT('',(59.5653834017766,-31.5,23.6));
#5181=CARTESIAN_POINT('Origin',(-64.9494082839949,-31.5,23.6));
#5182=CARTESIAN_POINT('',(-59.5653834017766,-31.5,23.6));
#5183=CARTESIAN_POINT('Origin',(-59.5653834017766,-25.5,23.6));
#5184=CARTESIAN_POINT('',(-65.5653834017766,-25.5,23.6));
#5185=CARTESIAN_POINT('Origin',(-40.2981498029164,10.0331418101894,23.6));
#5186=CARTESIAN_POINT('',(-65.5653834017765,15.1776100983216,11.6));
#5187=CARTESIAN_POINT('',(-52.9527509734751,32.5,23.6));
#5188=CARTESIAN_POINT('Origin',(-65.5653834017766,15.1776100983216,23.6));
#5189=CARTESIAN_POINT('Origin',(40.2981498029164,10.0331418101894,23.6));
#5190=CARTESIAN_POINT('',(52.952750973475,32.5,23.6));
#5191=CARTESIAN_POINT('',(65.5653834017765,15.1776100983215,11.6));
#5192=CARTESIAN_POINT('Origin',(65.5653834017765,-30.8840248822183,23.6));
#5193=CARTESIAN_POINT('Origin',(54.8827371538051,32.5,37.6));
#5194=CARTESIAN_POINT('Origin',(26.500013138187,29.4998872618184,24.85));
#5195=CARTESIAN_POINT('',(26.500013138187,28.5000004768372,36.1));
#5196=CARTESIAN_POINT('',(26.500013138187,28.5002075238423,36.0997929529949));
#5197=CARTESIAN_POINT('',(26.500013138187,32.5623589580637,32.0376415187735));
#5198=CARTESIAN_POINT('',(26.500013138187,28.5000004768372,36.0997930467158));
#5199=CARTESIAN_POINT('',(26.500013138187,28.5000004768372,30.475));
#5200=CARTESIAN_POINT('',(26.500013138187,28.000375625347,36.1000192044458));
#5201=CARTESIAN_POINT('',(26.500013138187,29.0027906936615,36.099565456167));
#5202=CARTESIAN_POINT('',(26.500013138187,27.9997740467996,34.7710193405996));
#5203=CARTESIAN_POINT('',(26.500013138187,27.9975288010132,29.8108502035597));
#5204=CARTESIAN_POINT('',(26.500013138187,28.9997740467996,33.7710193405996));
#5205=CARTESIAN_POINT('',(26.500013138187,31.1050571857042,31.665736201695));
#5206=CARTESIAN_POINT('',(26.500013138187,28.9997740467996,28.8105096702998));
#5207=CARTESIAN_POINT('',(26.500013138187,30.4997740467996,34.1002264300376));
#5208=CARTESIAN_POINT('',(26.500013138187,30.4997740467996,20.725));
#5209=CARTESIAN_POINT('',(26.500013138187,28.5006018769595,36.0993985998777));
#5210=CARTESIAN_POINT('',(26.500013138187,32.5623589580637,32.0376415187735));
#5211=CARTESIAN_POINT('',(26.500013138187,28.5006020553846,36.0997927744082));
#5212=CARTESIAN_POINT('',(26.500013138187,28.4977552310509,29.8106237735221));
#5213=CARTESIAN_POINT('',(26.500013138187,29.0027906936615,36.099565456167));
#5214=CARTESIAN_POINT('Origin',(-17.001986861813,28.9997740467996,32.7710193405996));
#5215=CARTESIAN_POINT('',(-20.001986861813,28.9997740467996,33.7710193405996));
#5216=CARTESIAN_POINT('',(-17.001986861813,28.9997740467996,33.7710193405996));
#5217=CARTESIAN_POINT('',(-20.001986861813,28.9997740467996,28.7282645054497));
#5218=CARTESIAN_POINT('Origin',(-17.001986861813,28.4997740467996,34.2710193405996));
#5219=CARTESIAN_POINT('',(-17.001986861813,27.9997740467996,34.7710193405996));
#5220=CARTESIAN_POINT('',(-17.001986861813,27.9997740467996,34.7710193405996));
#5221=CARTESIAN_POINT('',(-20.001986861813,27.9997740467996,34.7710193405996));
#5222=CARTESIAN_POINT('',(-17.001986861813,27.9997740467996,34.7710193405996));
#5223=CARTESIAN_POINT('',(-20.001986861813,28.7803674300623,33.9904259573368));
#5224=CARTESIAN_POINT('Origin',(-17.001986861813,27.9997740467996,34.7710193405996));
#5225=CARTESIAN_POINT('',(-17.001986861813,28.000375625347,36.1000192044458));
#5226=CARTESIAN_POINT('',(-17.001986861813,28.000375625347,36.1000192044458));
#5227=CARTESIAN_POINT('',(-17.001986861813,28.000375616654,36.1));
#5228=CARTESIAN_POINT('',(-17.001986861813,27.9997740467996,34.7710193405996));
#5229=CARTESIAN_POINT('',(-17.001986861813,27.9956616494574,25.6859621499353));
#5230=CARTESIAN_POINT('Origin',(-17.001986861813,28.5006020553846,36.0997927744082));
#5231=CARTESIAN_POINT('',(-17.001986861813,28.5000004768372,36.0997930467158));
#5232=CARTESIAN_POINT('',(-17.001986861813,28.5000004768372,36.0997930467158));
#5233=CARTESIAN_POINT('',(-17.001986861813,28.042801848704,36.1));
#5234=CARTESIAN_POINT('',(-17.001986861813,29.2501012377079,36.0994535097915));
#5235=CARTESIAN_POINT('',(-17.001986861813,29.2501012377079,36.0994535097915));
#5236=CARTESIAN_POINT('Origin',(-17.001986861813,28.5000004768372,36.1));
#5237=CARTESIAN_POINT('',(-17.001986861813,28.5000004768372,36.1));
#5238=CARTESIAN_POINT('',(-17.001986861813,28.5000004768372,36.1));
#5239=CARTESIAN_POINT('',(-17.001986861813,28.5000004768372,26.35));
#5240=CARTESIAN_POINT('Origin',(-17.001986861813,28.5006020553846,36.0997927744082));
#5241=CARTESIAN_POINT('',(-17.001986861813,28.5006020553846,36.0997927744082));
#5242=CARTESIAN_POINT('',(12.249013138187,28.5006020553846,36.0997927744082));
#5243=CARTESIAN_POINT('',(-17.001986861813,28.5002075238423,36.0997929529949));
#5244=CARTESIAN_POINT('',(-17.001986861813,29.2501012377079,36.0994535097915));
#5245=CARTESIAN_POINT('',(-19.997986861813,28.5002075238423,36.0997929529949));
#5246=CARTESIAN_POINT('Origin',(-17.001986861813,28.5000004768372,34.770792910562));
#5247=CARTESIAN_POINT('',(-17.001986861813,25.0114559654093,36.1));
#5248=CARTESIAN_POINT('Origin',(41.500013138187,28.5000004768372,34.770792910562));
#5249=CARTESIAN_POINT('',(-17.001986861813,28.5006018769595,36.0993985998777));
#5250=CARTESIAN_POINT('',(9.25301313818699,28.5006018769595,36.0993985998777));
#5251=CARTESIAN_POINT('',(-17.001986861813,28.5000004768372,34.770792910562));
#5252=CARTESIAN_POINT('Origin',(-17.001986861813,28.5000004768372,34.770792910562));
#5253=CARTESIAN_POINT('',(-17.001986861813,29.8321890341779,34.7678114426593));
#5254=CARTESIAN_POINT('Origin',(-22.993986861813,30.4997740467996,34.1002264300376));
#5255=CARTESIAN_POINT('',(-17.0021549022258,30.4997740467996,34.1002264300376));
#5256=CARTESIAN_POINT('',(-22.993986861813,30.4997740467996,34.1002264300376));
#5257=CARTESIAN_POINT('',(-17.0021551098499,28.5000002691896,36.1));
#5258=CARTESIAN_POINT('',(-17.0021550300743,29.268375392232,35.3316248769576));
#5259=CARTESIAN_POINT('',(-22.993986861813,28.5000004768372,36.1));
#5260=CARTESIAN_POINT('Origin',(-17.001986861813,29.9907740467996,16.6));
#5261=CARTESIAN_POINT('',(-17.001986861813,11.5735017203904,36.1));
#5262=CARTESIAN_POINT('',(-17.001986861813,25.0114559654093,36.1));
#5263=CARTESIAN_POINT('',(-17.001986861813,9.57350172039036,34.1));
#5264=CARTESIAN_POINT('',(-17.001986861813,10.8028197566758,35.3293180362855));
#5265=CARTESIAN_POINT('',(-17.001986861813,9.57350172039036,26.35));
#5266=CARTESIAN_POINT('',(-17.001986861813,11.0735017723022,33.7710193405996));
#5267=CARTESIAN_POINT('',(-17.001986861813,11.0735017723022,16.6000000022248));
#5268=CARTESIAN_POINT('',(-17.001986861813,12.0735017723023,34.7710193405996));
#5269=CARTESIAN_POINT('',(-17.001986861813,11.7600650057767,34.457582574074));
#5270=CARTESIAN_POINT('',(-17.001986861813,29.4952740467996,34.7710193405996));
#5271=CARTESIAN_POINT('',(-17.001986861813,10.991,16.9995779225808));
#5272=CARTESIAN_POINT('',(-17.001986861813,9.99077446218834,16.999578026428));
#5273=CARTESIAN_POINT('',(-17.001986861813,20.4908870233998,16.999578026428));
#5274=CARTESIAN_POINT('',(-17.001986861813,9.99077446218834,17.));
#5275=CARTESIAN_POINT('',(-17.001986861813,9.99077446218834,17.301289013214));
#5276=CARTESIAN_POINT('',(-17.001986861813,10.991,17.));
#5277=CARTESIAN_POINT('',(-17.001986861813,19.654695675859,17.));
#5278=CARTESIAN_POINT('',(-17.001986861813,10.991,17.3012889612904));
#5279=CARTESIAN_POINT('Origin',(-17.001986861813,29.9907740467996,16.6));
#5280=CARTESIAN_POINT('',(-17.001986861813,25.0114559654093,36.1));
#5281=CARTESIAN_POINT('Origin',(-17.001986861813,11.5735017723023,34.2710193405996));
#5282=CARTESIAN_POINT('',(-20.001986861813,12.0735017723023,34.7710193405996));
#5283=CARTESIAN_POINT('',(-20.001986861813,11.0735017723023,33.7710193405996));
#5284=CARTESIAN_POINT('',(-20.001986861813,11.2929083890395,33.9904259573368));
#5285=CARTESIAN_POINT('',(-17.001986861813,12.0735017723023,34.7710193405996));
#5286=CARTESIAN_POINT('',(-17.001986861813,11.0735017723023,33.7710193405996));
#5287=CARTESIAN_POINT('Origin',(-17.001986861813,11.0735017723023,34.7710193405996));
#5288=CARTESIAN_POINT('',(-20.001986861813,15.5550698409266,34.7710193405996));
#5289=CARTESIAN_POINT('Origin',(-20.001986861813,20.0366379095509,24.6855096702998));
#5290=CARTESIAN_POINT('',(-20.001986861813,11.0735017723023,20.6427548373747));
#5291=CARTESIAN_POINT('Origin',(-22.993986861813,30.4997740467996,16.6));
#5292=CARTESIAN_POINT('',(-17.0021549022258,30.4997740467996,16.6));
#5293=CARTESIAN_POINT('Origin',(50.,27.3842606855178,39.6));
#5294=CARTESIAN_POINT('',(53.,27.3842606855178,17.6));
#5295=CARTESIAN_POINT('',(50.,30.3842606855178,39.6));
#5296=CARTESIAN_POINT('Origin',(51.5,21.29359914517,15.1));
#5297=CARTESIAN_POINT('',(50.,23.0000003427267,16.6));
#5298=CARTESIAN_POINT('',(45.8750001862645,23.0000003427267,20.7249998137355));
#5299=CARTESIAN_POINT('',(50.,9.24994618592229,16.6));
#5300=CARTESIAN_POINT('',(50.,21.29359914517,16.6));
#5301=CARTESIAN_POINT('',(45.875,9.24994618592229,20.725));
#5302=CARTESIAN_POINT('Origin',(50.,25.7259482903401,16.6));
#5303=CARTESIAN_POINT('',(50.,23.0000003427267,33.1));
#5304=CARTESIAN_POINT('',(50.,23.0000003427267,26.35));
#5305=CARTESIAN_POINT('',(50.,9.24994618592229,33.1));
#5306=CARTESIAN_POINT('',(50.,20.9254607773323,33.1));
#5307=CARTESIAN_POINT('',(50.,9.24994618592229,26.35));
#5308=CARTESIAN_POINT('Origin',(60.5,-17.5,15.6));
#5309=CARTESIAN_POINT('',(59.,-17.5,15.6));
#5310=CARTESIAN_POINT('Origin',(-60.5,2.5,15.6));
#5311=CARTESIAN_POINT('',(-62.,2.5,15.6));
#5312=CARTESIAN_POINT('Origin',(-60.5,-17.5,15.6));
#5313=CARTESIAN_POINT('',(-62.,-17.5,15.6));
#5314=CARTESIAN_POINT('Origin',(60.5,2.5,15.6));
#5315=CARTESIAN_POINT('',(59.,2.5,15.6));
#5316=CARTESIAN_POINT('Origin',(-58.222347155551,4.2225,15.6));
#5317=CARTESIAN_POINT('',(-58.222347155551,-0.500000000000003,17.1));
#5318=CARTESIAN_POINT('',(-58.222347155551,-0.500500000000005,25.6));
#5319=CARTESIAN_POINT('Origin',(-54.,27.3842606855178,39.6));
#5320=CARTESIAN_POINT('',(-56.5675937596589,27.3842606855178,17.6));
#5321=CARTESIAN_POINT('',(-53.,27.3842606855178,17.6));
#5322=CARTESIAN_POINT('Origin',(-50.,30.3842606855178,39.6));
#5323=CARTESIAN_POINT('',(-50.,30.3842606855178,39.6));
#5324=CARTESIAN_POINT('',(-50.,30.5000004768372,16.6));
#5325=CARTESIAN_POINT('Origin',(-63.565,29.5,15.6));
#5326=CARTESIAN_POINT('',(-63.565,14.9737707978624,37.6));
#5327=CARTESIAN_POINT('Origin',(-64.,-20.2225,15.6));
#5328=CARTESIAN_POINT('',(-63.5653834017765,-20.2225,16.6));
#5329=CARTESIAN_POINT('',(-63.5653834017765,-20.2225,26.6));
#5330=CARTESIAN_POINT('',(-58.222652844449,-20.2225,16.6));
#5331=CARTESIAN_POINT('Origin',(-59.222652844449,-0.500000000000004,15.6));
#5332=CARTESIAN_POINT('',(-63.5653834017765,-0.500000000000003,27.6));
#5333=CARTESIAN_POINT('Origin',(-40.2981498029164,10.0331418101894,37.6));
#5334=CARTESIAN_POINT('',(-63.5653834017765,14.9719649031376,27.6));
#5335=CARTESIAN_POINT('Origin',(-60.8940181231128,-23.3612499252441,16.6));
#5336=CARTESIAN_POINT('',(-63.5653834017766,-26.4999998504882,16.6));
#5337=CARTESIAN_POINT('',(-63.5653834017765,-26.4306249626221,16.6));
#5338=CARTESIAN_POINT('',(-60.5653834017766,-29.5,16.6));
#5339=CARTESIAN_POINT('Origin',(-60.5653834017766,-26.5,16.6));
#5340=CARTESIAN_POINT('',(3.38867357777551,-29.5,16.6));
#5341=CARTESIAN_POINT('Origin',(60.8940181231128,-23.36125,16.6));
#5342=CARTESIAN_POINT('',(63.5653834017765,-20.2225,16.6));
#5343=CARTESIAN_POINT('',(60.0583354837809,-20.2225,16.6));
#5344=CARTESIAN_POINT('',(61.1113264222245,-29.5,16.6));
#5345=CARTESIAN_POINT('',(63.5653834017765,-21.291875,16.6));
#5346=CARTESIAN_POINT('Origin',(-50.,27.3842606855178,39.6));
#5347=CARTESIAN_POINT('Origin',(63.5653834017765,14.9719649031376,37.6));
#5348=CARTESIAN_POINT('',(63.5653834017765,14.9719649031376,37.6));
#5349=CARTESIAN_POINT('',(63.5653834017765,5.22249999999999,26.6));
#5350=CARTESIAN_POINT('',(63.5653834017765,-0.500500000000005,31.1));
#5351=CARTESIAN_POINT('',(63.5653834017765,-14.7775,26.6));
#5352=CARTESIAN_POINT('',(63.5653834017765,-20.2225,26.6));
#5353=CARTESIAN_POINT('Origin',(54.8827371538051,32.5,37.6));
#5354=CARTESIAN_POINT('Origin',(-24.493986861813,10.073501876126,16.6));
#5355=CARTESIAN_POINT('',(-22.9819288796288,10.0735017191385,13.6));
#5356=CARTESIAN_POINT('',(-23.0021570229587,10.0735017212386,13.6));
#5357=CARTESIAN_POINT('',(-23.7439868358569,10.0735017982582,13.6));
#5358=CARTESIAN_POINT('',(-23.0021570229587,10.0735017212386,16.6));
#5359=CARTESIAN_POINT('',(-22.9819288796288,10.0735017191385,17.6));
#5360=CARTESIAN_POINT('Origin',(-19.0021549022023,30.5000004768372,16.6));
#5361=CARTESIAN_POINT('',(-19.0021549022023,30.5000004768372,34.1));
#5362=CARTESIAN_POINT('',(-19.0021549022023,30.5000004768372,31.225));
#5363=CARTESIAN_POINT('',(-17.0021549022023,30.5000002691896,34.1));
#5364=CARTESIAN_POINT('',(-19.0021549022023,30.5000004768372,34.1));
#5365=CARTESIAN_POINT('',(-17.0021549022023,30.5000002691896,20.1));
#5366=CARTESIAN_POINT('Origin',(-17.0021570229587,10.0735010982959,16.6));
#5367=CARTESIAN_POINT('',(-17.0021569277005,10.991,17.));
#5368=CARTESIAN_POINT('',(-17.0021570315477,9.99077446218834,17.));
#5369=CARTESIAN_POINT('',(-17.0021570272533,10.0321374691949,17.));
#5370=CARTESIAN_POINT('',(-17.0021570315477,9.99077446218834,16.999578026428));
#5371=CARTESIAN_POINT('',(-17.0021570315477,9.99077446218834,16.799789013214));
#5372=CARTESIAN_POINT('',(-17.0021569277005,10.991,16.9995779225808));
#5373=CARTESIAN_POINT('',(-17.0021569753297,10.5322502381007,16.999578026428));
#5374=CARTESIAN_POINT('',(-17.0021569277006,10.9909993770573,16.6));
#5375=CARTESIAN_POINT('Origin',(-19.0021549022023,30.5000004768372,34.1));
#5376=CARTESIAN_POINT('',(-17.0021550300743,29.268375392232,35.3316248769576));
#5377=CARTESIAN_POINT('',(-19.0021551098499,28.5000004768372,36.1));
#5378=CARTESIAN_POINT('',(-19.0021550300743,29.2683755998796,35.3316248769576));
#5379=CARTESIAN_POINT('',(-19.0021551098499,28.5000004768372,36.1));
#5380=CARTESIAN_POINT('Origin',(-22.993986861813,10.991,16.999578026428));
#5381=CARTESIAN_POINT('',(-22.993986861813,9.99077446218834,16.999578026428));
#5382=CARTESIAN_POINT('',(-22.993986861813,10.991,16.9995779225808));
#5383=CARTESIAN_POINT('Origin',(-22.993986861813,9.99077446218834,16.999578026428));
#5384=CARTESIAN_POINT('',(-22.993986861813,9.99077446218834,17.));
#5385=CARTESIAN_POINT('Origin',(-22.993986861813,11.5735017203904,36.1));
#5386=CARTESIAN_POINT('',(-17.002156867223,11.5735010982959,36.1));
#5387=CARTESIAN_POINT('',(-17.0021570748706,9.57350109829592,34.1));
#5388=CARTESIAN_POINT('',(-17.0021574642098,5.82350109829595,30.35));
#5389=CARTESIAN_POINT('',(-22.993986861813,9.57350172039036,34.1));
#5390=CARTESIAN_POINT('',(-22.993986861813,11.5735017203904,36.1));
#5391=CARTESIAN_POINT('Origin',(-22.993986861813,10.991,17.));
#5392=CARTESIAN_POINT('',(-22.993986861813,10.991,17.));
#5393=CARTESIAN_POINT('Origin',(-22.993986861813,9.99077446218834,17.));
#5394=CARTESIAN_POINT('Origin',(-21.2480723814897,10.5735015391229,35.1));
#5395=CARTESIAN_POINT('',(-21.993986861813,11.5735017203904,36.1));
#5396=CARTESIAN_POINT('',(-21.993986861813,9.57350172039036,34.1));
#5397=CARTESIAN_POINT('',(-21.993986861813,10.8028197047639,35.3293180881974));
#5398=CARTESIAN_POINT('',(-21.2480724853135,9.57350153912292,34.1));
#5399=CARTESIAN_POINT('',(-21.2480722776659,11.5735015391229,36.1));
#5400=CARTESIAN_POINT('Origin',(-23.493986861813,20.0321378840191,36.1));
#5401=CARTESIAN_POINT('',(-21.993986861813,28.5000004768372,36.1));
#5402=CARTESIAN_POINT('',(-21.993986861813,25.0114559654093,36.1));
#5403=CARTESIAN_POINT('',(-22.2474264013625,28.5000004768372,36.1));
#5404=CARTESIAN_POINT('Origin',(-25.460139832121,17.6799772811151,17.6));
#5405=CARTESIAN_POINT('',(-23.0021570236398,10.0669410593957,13.6));
#5406=CARTESIAN_POINT('Origin',(-25.460139832121,17.6799772811151,13.6));
#5407=CARTESIAN_POINT('',(-23.0021570236398,10.0669410593957,17.6));
#5408=CARTESIAN_POINT('Origin',(-23.0021570229587,10.0735017212386,16.6));
#5409=CARTESIAN_POINT('',(-23.0021570489148,9.82350052757725,13.6));
#5410=CARTESIAN_POINT('Origin',(-22.2474264013625,29.5000004768372,35.1));
#5411=CARTESIAN_POINT('',(-21.993986861813,30.5000004768372,34.1));
#5412=CARTESIAN_POINT('',(-21.993986861813,29.9998872618184,34.6001132150188));
#5413=CARTESIAN_POINT('',(-22.2474264013625,30.5000004768372,34.1));
#5414=CARTESIAN_POINT('Origin',(-19.0021549022023,30.5000004768372,34.1));
#5415=CARTESIAN_POINT('',(-21.993986861813,30.5000004768372,34.1001132150188));
#5416=CARTESIAN_POINT('Origin',(-24.493986861813,9.57349933306761,16.6));
#5417=CARTESIAN_POINT('',(-22.9995769796215,30.5000004768372,18.0944098821915));
#5418=CARTESIAN_POINT('',(-22.993986861813,30.5,18.1));
#5419=CARTESIAN_POINT('',(0.600194142091528,30.5,41.6941810039045));
#5420=CARTESIAN_POINT('',(-22.993986861813,30.4997740467996,18.1));
#5421=CARTESIAN_POINT('',(-22.993986861813,31.4997740467996,18.1));
#5422=CARTESIAN_POINT('',(-22.999576979645,30.4997740467996,18.094409882168));
#5423=CARTESIAN_POINT('',(-24.243986861813,30.4997740467996,16.85));
#5424=CARTESIAN_POINT('',(-22.999576979645,31.4997740467996,18.094409882168));
#5425=CARTESIAN_POINT('Origin',(-23.493986861813,30.4997740467996,16.6));
#5426=CARTESIAN_POINT('',(-22.999576979645,30.4997740467996,26.35));
#5427=CARTESIAN_POINT('',(-22.993986861813,30.4997740467996,15.6));
#5428=CARTESIAN_POINT('',(-22.993986861813,30.4997740467996,18.1));
#5429=CARTESIAN_POINT('',(-21.993986861813,30.4997740467996,16.6));
#5430=CARTESIAN_POINT('',(-23.868986861813,30.4997740467996,14.725));
#5431=CARTESIAN_POINT('',(-21.993986861813,30.4997740467996,16.6));
#5432=CARTESIAN_POINT('Origin',(-22.993986861813,31.4997740467996,18.1));
#5433=CARTESIAN_POINT('',(-22.993986861813,30.5,15.6));
#5434=CARTESIAN_POINT('',(-22.993986861813,20.5366366899336,15.6));
#5435=CARTESIAN_POINT('',(-22.993986861813,30.5,27.85));
#5436=CARTESIAN_POINT('Origin',(-22.999576979645,31.4997740467996,23.6));
#5437=CARTESIAN_POINT('',(-22.999576979645,30.5000004768372,29.6));
#5438=CARTESIAN_POINT('Origin',(-23.493986861813,9.57349933306761,15.1));
#5439=CARTESIAN_POINT('',(-21.993986861813,9.57349933306761,16.6));
#5440=CARTESIAN_POINT('',(-21.993986861813,9.57350161656657,27.1));
#5441=CARTESIAN_POINT('',(-24.993986861813,9.57349933306761,13.6));
#5442=CARTESIAN_POINT('Origin',(-21.993986861813,9.57349933306761,13.6));
#5443=CARTESIAN_POINT('Origin',(-24.993986861813,9.57349933306761,13.6));
#5444=CARTESIAN_POINT('',(-24.6005600624202,30.5000004768372,13.9934267993928));
#5445=CARTESIAN_POINT('',(-21.993986861813,19.7821366899336,16.6));
#5446=CARTESIAN_POINT('Origin',(48.5,25.7259482903401,16.6));
#5447=CARTESIAN_POINT('',(48.5,23.0000003427267,33.1));
#5448=CARTESIAN_POINT('',(48.5,23.0000003427267,26.35));
#5449=CARTESIAN_POINT('',(48.5,9.24994618592229,33.1));
#5450=CARTESIAN_POINT('',(48.5,9.24994618592229,26.35));
#5451=CARTESIAN_POINT('',(48.5,20.9254607773323,33.1));
#5452=CARTESIAN_POINT('Origin',(-17.001986861813,11.0735017723023,16.6000000044496));
#5453=CARTESIAN_POINT('Origin',(-22.993986861813,9.57350172039036,34.1));
#5454=CARTESIAN_POINT('',(-17.0021570748706,9.57350109829594,16.6));
#5455=CARTESIAN_POINT('Origin',(-17.0021570229587,10.0735010982959,16.6));
#5456=CARTESIAN_POINT('',(-17.0021549022023,30.5000002691896,16.6));
#5457=CARTESIAN_POINT('Origin',(-19.0021570229587,9.57350130594348,36.1));
#5458=CARTESIAN_POINT('',(-21.993986861813,9.57350161656657,27.1));
#5459=CARTESIAN_POINT('Origin',(-31.500000461936,30.5000004768372,23.6));
#5460=CARTESIAN_POINT('',(50.,30.5000004768372,16.6));
#5461=CARTESIAN_POINT('Origin',(-21.993986861813,29.9907740467996,16.6));
#5462=CARTESIAN_POINT('Origin',(50.,31.3842606855178,39.6));
#5463=CARTESIAN_POINT('Origin',(53.,27.3842606855178,39.6));
#5464=CARTESIAN_POINT('',(56.5675937596589,27.3842606855178,17.6));
#5465=CARTESIAN_POINT('Origin',(40.2981498029164,10.0331418101894,37.6));
#5466=CARTESIAN_POINT('Origin',(64.0000009536743,5.2225,15.6));
#5467=CARTESIAN_POINT('Origin',(2.67151812311276,-0.500500000000005,24.6));
#5468=CARTESIAN_POINT('Origin',(-63.5653834017765,4.2225,37.6));
#5469=CARTESIAN_POINT('',(-63.5653834017766,-26.4999998504882,39.6));
#5470=CARTESIAN_POINT('Origin',(59.222652844449,-14.7775,15.6));
#5471=CARTESIAN_POINT('Origin',(59.222652844449,-20.2225,15.6));
#5472=CARTESIAN_POINT('Origin',(64.,-29.5,15.6));
#5473=CARTESIAN_POINT('',(-60.5653834017766,-29.5,39.6));
#5474=CARTESIAN_POINT('Origin',(-60.5653834017766,-26.5,39.6));
#5475=CARTESIAN_POINT('Origin',(60.5653834017765,-26.5,23.6));
#5476=CARTESIAN_POINT('',(62.2653834017765,-26.5,20.));
#5477=CARTESIAN_POINT('',(62.2653834017765,-26.5,23.6));
#5478=CARTESIAN_POINT('Origin',(60.5653834017765,-26.5,20.));
#5479=CARTESIAN_POINT('Origin',(50.,27.3842606855178,23.6));
#5480=CARTESIAN_POINT('',(51.7,27.3842606855178,20.));
#5481=CARTESIAN_POINT('',(51.7,27.3842606855178,23.6));
#5482=CARTESIAN_POINT('Origin',(50.,27.3842606855178,20.));
#5483=CARTESIAN_POINT('Origin',(-60.5653834017766,-26.5,23.6));
#5484=CARTESIAN_POINT('',(-58.8653834017766,-26.5,20.));
#5485=CARTESIAN_POINT('',(-58.8653834017766,-26.5,23.6));
#5486=CARTESIAN_POINT('Origin',(-60.5653834017766,-26.5,20.));
#5487=CARTESIAN_POINT('Origin',(-50.,27.3842606855178,23.6));
#5488=CARTESIAN_POINT('',(-48.3,27.3842606855178,20.));
#5489=CARTESIAN_POINT('',(-48.3,27.3842606855178,23.6));
#5490=CARTESIAN_POINT('Origin',(-50.,27.3842606855178,20.));
#5491=CARTESIAN_POINT('Origin',(60.5653834017765,-26.5,20.));
#5492=CARTESIAN_POINT('Origin',(-50.,27.3842606855178,20.));
#5493=CARTESIAN_POINT('Origin',(50.,27.3842606855178,20.));
#5494=CARTESIAN_POINT('Origin',(-60.5653834017766,-26.5,20.));
#5495=CARTESIAN_POINT('Origin',(-49.4202796642419,30.5000004768372,39.6));
#5496=CARTESIAN_POINT('Origin',(51.,10.991,16.6));
#5497=CARTESIAN_POINT('',(51.,9.24994618592229,33.1));
#5498=CARTESIAN_POINT('',(51.,23.0000003427267,33.1));
#5499=CARTESIAN_POINT('',(51.,10.1204730929611,33.1));
#5500=CARTESIAN_POINT('',(51.0000007450581,23.0000003427267,36.1));
#5501=CARTESIAN_POINT('',(51.,23.0000003427267,26.35));
#5502=CARTESIAN_POINT('',(51.,9.24994618592229,36.1));
#5503=CARTESIAN_POINT('',(51.,10.991,36.1));
#5504=CARTESIAN_POINT('',(51.,9.24994618592229,36.1));
#5505=CARTESIAN_POINT('Origin',(47.5,23.0000003427267,33.1));
#5506=CARTESIAN_POINT('',(47.5,23.0000003427267,33.1));
#5507=CARTESIAN_POINT('',(47.5,9.24994618592229,33.1));
#5508=CARTESIAN_POINT('',(47.5,20.9254607773323,33.1));
#5509=CARTESIAN_POINT('',(48.750000372529,23.0000003427267,33.1));
#5510=CARTESIAN_POINT('',(48.75,9.24994618592229,33.1));
#5511=CARTESIAN_POINT('Origin',(47.,20.9254607773323,33.6));
#5512=CARTESIAN_POINT('',(46.5,9.24994618592229,34.1));
#5513=CARTESIAN_POINT('',(47.125,9.24994618592229,33.475));
#5514=CARTESIAN_POINT('',(46.5,23.0000003427267,34.1));
#5515=CARTESIAN_POINT('',(46.5,12.6874597251234,34.1));
#5516=CARTESIAN_POINT('',(47.1250001862645,23.0000003427267,33.4749998137355));
#5517=CARTESIAN_POINT('Origin',(46.5,9.24994618592229,36.1));
#5518=CARTESIAN_POINT('',(46.5,23.0000003427267,36.1));
#5519=CARTESIAN_POINT('',(46.5,9.24994618592229,36.1));
#5520=CARTESIAN_POINT('',(46.5,13.8042101655462,36.1));
#5521=CARTESIAN_POINT('',(46.5,23.0000003427267,36.1));
#5522=CARTESIAN_POINT('',(46.5,9.24994618592229,36.1));
#5523=CARTESIAN_POINT('Origin',(48.75,18.35847414517,36.1));
#5524=CARTESIAN_POINT('',(50.,9.24994618592229,36.1));
#5525=CARTESIAN_POINT('',(47.5,23.0000003427267,36.1));
#5526=CARTESIAN_POINT('Origin',(50.,9.24994618592229,36.1));
#5527=CARTESIAN_POINT('',(50.5,9.24994618592229,33.1));
#5528=CARTESIAN_POINT('Origin',(50.0000007450581,23.0000003427267,36.1));
#5529=CARTESIAN_POINT('',(50.500000372529,23.0000003427267,33.1));
#5530=CARTESIAN_POINT('Origin',(51.,9.24994618592229,33.1));
#5531=UNCERTAINTY_MEASURE_WITH_UNIT(LENGTH_MEASURE(0.01),#5535,
'DISTANCE_ACCURACY_VALUE',
'Maximum model space distance between geometric entities at asserted c
onnectivities');
#5532=UNCERTAINTY_MEASURE_WITH_UNIT(LENGTH_MEASURE(0.01),#5535,
'DISTANCE_ACCURACY_VALUE',
'Maximum model space distance between geometric entities at asserted c
onnectivities');
#5533=(
GEOMETRIC_REPRESENTATION_CONTEXT(3)
GLOBAL_UNCERTAINTY_ASSIGNED_CONTEXT((#5531))
GLOBAL_UNIT_ASSIGNED_CONTEXT((#5535,#5537,#5538))
REPRESENTATION_CONTEXT('','3D')
);
#5534=(
GEOMETRIC_REPRESENTATION_CONTEXT(3)
GLOBAL_UNCERTAINTY_ASSIGNED_CONTEXT((#5532))
GLOBAL_UNIT_ASSIGNED_CONTEXT((#5535,#5537,#5538))
REPRESENTATION_CONTEXT('','3D')
);
#5535=(
LENGTH_UNIT()
NAMED_UNIT(*)
SI_UNIT(.MILLI.,.METRE.)
);
#5536=(
LENGTH_UNIT()
NAMED_UNIT(*)
SI_UNIT($,.METRE.)
);
#5537=(
NAMED_UNIT(*)
PLANE_ANGLE_UNIT()
SI_UNIT($,.RADIAN.)
);
#5538=(
NAMED_UNIT(*)
SI_UNIT($,.STERADIAN.)
SOLID_ANGLE_UNIT()
);
#5539=SHAPE_DEFINITION_REPRESENTATION(#5540,#5541);
#5540=PRODUCT_DEFINITION_SHAPE('',$,#5543);
#5541=SHAPE_REPRESENTATION('',(#3362),#5533);
#5542=PRODUCT_DEFINITION_CONTEXT('part definition',#5547,'design');
#5543=PRODUCT_DEFINITION('2026-08-23-17-58-43-971',
'(\X2\C800C7A5B418C9C0\X0\ \X2\C54AC74C\X0\)',#5544,#5542);
#5544=PRODUCT_DEFINITION_FORMATION('',$,#5549);
#5545=PRODUCT_RELATED_PRODUCT_CATEGORY('(\X2\C800C7A5B418C9C0\X0\ \X2\C54AC74C\X0\)',
'(\X2\C800C7A5B418C9C0\X0\ \X2\C54AC74C\X0\)',(#5549));
#5546=APPLICATION_PROTOCOL_DEFINITION('international standard',
'automotive_design',2009,#5547);
#5547=APPLICATION_CONTEXT(
'Core Data for Automotive Mechanical Design Process');
#5548=PRODUCT_CONTEXT('part definition',#5547,'mechanical');
#5549=PRODUCT('2026-08-23-17-58-43-971','(\X2\C800C7A5B418C9C0\X0\ \X2\C54AC74C\X0\)',
$,(#5548));
#5550=PRESENTATION_STYLE_ASSIGNMENT((#5552));
#5551=PRESENTATION_STYLE_ASSIGNMENT((#5553));
#5552=SURFACE_STYLE_USAGE(.BOTH.,#5554);
#5553=SURFACE_STYLE_USAGE(.BOTH.,#5555);
#5554=SURFACE_SIDE_STYLE('',(#5556));
#5555=SURFACE_SIDE_STYLE('',(#5557));
#5556=SURFACE_STYLE_FILL_AREA(#5558);
#5557=SURFACE_STYLE_FILL_AREA(#5559);
#5558=FILL_AREA_STYLE('\X2\AC15CCA0\X0\ - \X2\C0C8D2F4\X0\',(#5560));
#5559=FILL_AREA_STYLE('\X2\AC15CCA0\X0\ - \X2\C0C8D2F4\X0\',(#5561));
#5560=FILL_AREA_STYLE_COLOUR('\X2\AC15CCA0\X0\ - \X2\C0C8D2F4\X0\',#5562);
#5561=FILL_AREA_STYLE_COLOUR('\X2\AC15CCA0\X0\ - \X2\C0C8D2F4\X0\',#5563);
#5562=COLOUR_RGB('\X2\AC15CCA0\X0\ - \X2\C0C8D2F4\X0\',0.627450980392157,
0.627450980392157,0.627450980392157);
#5563=COLOUR_RGB('\X2\AC15CCA0\X0\ - \X2\C0C8D2F4\X0\',0.,0.149019607843137,
1.);
ENDSEC;
END-ISO-10303-21;
